#usda 1.0
(
    customLayerData = {
        string creator = "URDF USD Converter v0.3.2"
    }
    defaultPrim = "asimov_1_orcahand_v1_right_spike"
    endTimeCode = 1000000
    kilogramsPerUnit = 1
    metersPerUnit = 1
    startTimeCode = 0
    upAxis = "Z"
)

over "asimov_1_orcahand_v1_right_spike"
{
    over "Geometry"
    {
        over "pelvis_link" (
            prepend apiSchemas = ["PhysicsRigidBodyAPI", "PhysicsArticulationRootAPI", "NewtonArticulationRootAPI", "PhysicsMassAPI", "NewtonMassAPI"]
        )
        {
            double[] newton:inertia = [0.005521896904114628, 0.006266688203413989, 0.005046553999471388, 0.000004558414682200214, -0.00007802733884301359, 1.1017689371248362e-7]
            bool newton:selfCollisionEnabled = 0
            point3f physics:centerOfMass = (-0.054091834, -0.000034825953, -0.015625518)
            float3 physics:diagonalInertia = (0.005034073, 0.00553435, 0.0062667164)
            float physics:mass = 3.5069125
            quatf physics:principalAxes = (-0.53953075, -0.53654516, 0.46039957, -0.45722872)

            over "waist_yaw_link" (
                prepend apiSchemas = ["PhysicsRigidBodyAPI", "PhysicsMassAPI", "NewtonMassAPI"]
            )
            {
                double[] newton:inertia = [0.049813979621057554, 0.03970244180121519, 0.032126649467727246, -0.00002411154154954866, 0.003192281343034109, -0.000014609229893231542]
                point3f physics:centerOfMass = (-0.0069939364, -0.000025081212, 0.20403987)
                float3 physics:diagonalInertia = (0.031568117, 0.03970239, 0.050372563)
                float physics:mass = 8.208502
                quatf physics:principalAxes = (-0.6432951, 0.0012735378, 0.7656171, 0.00053770415)

                over "right_shoulder_pitch_link" (
                    prepend apiSchemas = ["PhysicsRigidBodyAPI", "PhysicsMassAPI", "NewtonMassAPI"]
                )
                {
                    double[] newton:inertia = [0.000330318150887253, 0.0004185132624354617, 0.00042138414367728525, -2.5688533285689937e-7, 2.440639660354288e-9, -3.9866477395466334e-10]
                    point3f physics:centerOfMass = (0.00012981097, -0.015792184, -0.000018861692)
                    float3 physics:diagonalInertia = (0.00033031742, 0.000418514, 0.00042138415)
                    float physics:mass = 0.5991561
                    quatf physics:principalAxes = (-0.000070669164, 0.9999989, 0.0014563287, -0.000013500452)

                    over "right_shoulder_roll_link" (
                        prepend apiSchemas = ["PhysicsRigidBodyAPI", "PhysicsMassAPI", "NewtonMassAPI"]
                    )
                    {
                        double[] newton:inertia = [0.001632804645338566, 0.0014914847689430392, 0.0007407853515183947, 4.422945844855935e-7, 9.017972545985635e-7, 0.0000030912169931252498]
                        point3f physics:centerOfMass = (0.00011417762, -0.000043514214, -0.037310068)
                        float3 physics:diagonalInertia = (0.0007407717, 0.0014914961, 0.001632807)
                        float physics:mass = 1.3132224
                        quatf physics:principalAxes = (-0.70674527, -0.0025701968, 0.70746326, 0.00033989362)

                        over "right_shoulder_yaw_link" (
                            prepend apiSchemas = ["PhysicsRigidBodyAPI", "PhysicsMassAPI", "NewtonMassAPI"]
                        )
                        {
                            double[] newton:inertia = [0.0005026643424698044, 0.0005162594973835592, 0.0003106780019466365, 1.038744205337806e-7, 3.848986811216861e-7, -9.282012441454003e-7]
                            point3f physics:centerOfMass = (-0.00032506612, 0.00032050395, -0.0759405)
                            float3 physics:diagonalInertia = (0.00031067303, 0.00050266436, 0.00051626447)
                            float physics:mass = 0.71226174
                            quatf physics:principalAxes = (-0.50249237, -0.49648544, 0.5012503, -0.49975166)

                            over "right_elbow_link" (
                                prepend apiSchemas = ["PhysicsRigidBodyAPI", "PhysicsMassAPI", "NewtonMassAPI"]
                            )
                            {
                                double[] newton:inertia = [0.0003317099646955806, 0.0004184328786780985, 0.000367816935126321, 1.1437874317490266e-7, 0.00005587067160597235, -9.740423225795513e-8]
                                point3f physics:centerOfMass = (0.0523756, -0.00009843042, -0.04444259)
                                float3 physics:diagonalInertia = (0.0002910482, 0.00040847852, 0.00041843308)
                                float physics:mass = 0.66231424
                                quatf physics:principalAxes = (-0.672925, -0.6718943, -0.21851097, 0.21905)

                                over "right_wrist_yaw_link" (
                                    prepend apiSchemas = ["PhysicsRigidBodyAPI", "PhysicsMassAPI", "NewtonMassAPI"]
                                )
                                {
                                    double[] newton:inertia = [0.000011880300173565913, 0.000008854608036053883, 0.000010799939176380206, 3.737713930645126e-8, -0.000003063460189658628, 4.454448056561615e-8]
                                    point3f physics:centerOfMass = (0.0038228913, 8.3654035e-9, -0.0032077858)
                                    float3 physics:diagonalInertia = (0.000008224037, 0.00000885997, 0.00001445084)
                                    float physics:mass = 0.05805951
                                    quatf physics:principalAxes = (-0.9053497, -0.019424267, 0.42217237, 0.041655388)

                                    over "right_tower" (
                                        prepend apiSchemas = ["PhysicsRigidBodyAPI", "PhysicsMassAPI", "NewtonMassAPI"]
                                    )
                                    {
                                        double[] newton:inertia = [0.0015037503040097784, 0.0012530481302322311, 0.0007962415657579904, 0.000010406666155229403, -0.000005164051869415726, -0.0000014064151092958765]
                                        point3f physics:centerOfMass = (0.04034, -0.00091, 0.01912)
                                        float3 physics:diagonalInertia = (0.0007962, 0.00125262, 0.00150422)
                                        float physics:mass = 0.9
                                        quatf physics:principalAxes = (-0.7095354, -0.013680458, 0.7043634, -0.015633594)

                                        over "right_wrist_jointbody" (
                                            prepend apiSchemas = ["PhysicsRigidBodyAPI", "PhysicsMassAPI", "NewtonMassAPI"]
                                        )
                                        {
                                            double[] newton:inertia = [1e-9, 1e-9, 1e-9, 0, 0, 0]
                                            point3f physics:centerOfMass = (0, 0, 0)
                                            float3 physics:diagonalInertia = (1e-9, 1e-9, 1e-9)
                                            float physics:mass = 0.001
                                            quatf physics:principalAxes = (1, 0, 0, 0)

                                            over "right_palm" (
                                                prepend apiSchemas = ["PhysicsRigidBodyAPI", "PhysicsMassAPI", "NewtonMassAPI"]
                                            )
                                            {
                                                double[] newton:inertia = [0.000006774897900603521, 0.000016106603593243137, 0.000011468498506153353, 1.6580700297600536e-7, 4.92434305180117e-7, -2.2864177940136935e-7]
                                                point3f physics:centerOfMass = (0.00193, -0.00052, -0.00664)
                                                float3 physics:diagonalInertia = (0.00000672, 0.00001151, 0.00001612)
                                                float physics:mass = 0.0257
                                                quatf physics:principalAxes = (-0.7224053, -0.6894295, -0.030754209, 0.043262273)

                                                over "right_thumb_mcp_jointbody" (
                                                    prepend apiSchemas = ["PhysicsRigidBodyAPI", "PhysicsMassAPI", "NewtonMassAPI"]
                                                )
                                                {
                                                    double[] newton:inertia = [1e-9, 1e-9, 1e-9, 0, 0, 0]
                                                    point3f physics:centerOfMass = (0, 0, 0)
                                                    float3 physics:diagonalInertia = (1e-9, 1e-9, 1e-9)
                                                    float physics:mass = 0.001
                                                    quatf physics:principalAxes = (1, 0, 0, 0)

                                                    over "right_thumb_mp" (
                                                        prepend apiSchemas = ["PhysicsRigidBodyAPI", "PhysicsMassAPI", "NewtonMassAPI"]
                                                    )
                                                    {
                                                        double[] newton:inertia = [8.398494976230446e-7, 6.6e-7, 2.7015050237695554e-7, 0, -9.260869500169161e-9, 0]
                                                        point3f physics:centerOfMass = (0.00247, 0, 0.004)
                                                        float3 physics:diagonalInertia = (2.7e-7, 6.6e-7, 8.4e-7)
                                                        float physics:mass = 0.00586
                                                        quatf physics:principalAxes = (-0.7128286, 0, 0.70133823, 0)

                                                        over "right_thumb_abd_jointbody" (
                                                            prepend apiSchemas = ["PhysicsRigidBodyAPI", "PhysicsMassAPI", "NewtonMassAPI"]
                                                        )
                                                        {
                                                            double[] newton:inertia = [1e-9, 1e-9, 1e-9, 0, 0, 0]
                                                            point3f physics:centerOfMass = (0, 0, 0)
                                                            float3 physics:diagonalInertia = (1e-9, 1e-9, 1e-9)
                                                            float physics:mass = 0.001
                                                            quatf physics:principalAxes = (1, 0, 0, 0)

                                                            over "right_thumb_pp" (
                                                                prepend apiSchemas = ["PhysicsRigidBodyAPI", "PhysicsMassAPI", "NewtonMassAPI"]
                                                            )
                                                            {
                                                                double[] newton:inertia = [3.000000000036068e-7, 7.304590862101092e-7, 7.295409137862839e-7, -5.28544858789885e-13, 1.150510347578713e-12, -1.9994730300705515e-8]
                                                                point3f physics:centerOfMass = (0.01848, 0.00001, 0.00002)
                                                                float3 physics:diagonalInertia = (3e-7, 7.1e-7, 7.5e-7)
                                                                float physics:mass = 0.00655
                                                                quatf physics:principalAxes = (-0.92166805, -0.3879793, -0.0000014007092, 0)

                                                                over "right_thumb_pip_jointbody" (
                                                                    prepend apiSchemas = ["PhysicsRigidBodyAPI", "PhysicsMassAPI", "NewtonMassAPI"]
                                                                )
                                                                {
                                                                    double[] newton:inertia = [1e-9, 1e-9, 1e-9, 0, 0, 0]
                                                                    point3f physics:centerOfMass = (0, 0, 0)
                                                                    float3 physics:diagonalInertia = (1e-9, 1e-9, 1e-9)
                                                                    float physics:mass = 0.001
                                                                    quatf physics:principalAxes = (1, 0, 0, 0)

                                                                    over "right_thumb_ip" (
                                                                        prepend apiSchemas = ["PhysicsRigidBodyAPI", "PhysicsMassAPI", "NewtonMassAPI"]
                                                                    )
                                                                    {
                                                                        double[] newton:inertia = [0.0000016988185683565165, 0.0000016399998716731134, 5.911815599703699e-7, 3.267286732220782e-11, -3.619372184735362e-8, 3.7598731819458713e-10]
                                                                        point3f physics:centerOfMass = (0.00135, 0.00002, 0.01383)
                                                                        float3 physics:diagonalInertia = (5.9e-7, 0.00000164, 0.0000017)
                                                                        float physics:mass = 0.01402
                                                                        quatf physics:principalAxes = (-0.7185486, -0.00024689425, 0.6954767, 0.00001077824)

                                                                        over "right_thumb_dip_jointbody" (
                                                                            prepend apiSchemas = ["PhysicsRigidBodyAPI", "PhysicsMassAPI", "NewtonMassAPI"]
                                                                        )
                                                                        {
                                                                            double[] newton:inertia = [1e-9, 1e-9, 1e-9, 0, 0, 0]
                                                                            point3f physics:centerOfMass = (0, 0, 0)
                                                                            float3 physics:diagonalInertia = (1e-9, 1e-9, 1e-9)
                                                                            float physics:mass = 0.001
                                                                            quatf physics:principalAxes = (1, 0, 0, 0)

                                                                            over "right_thumb_dp" (
                                                                                prepend apiSchemas = ["PhysicsRigidBodyAPI", "PhysicsMassAPI", "NewtonMassAPI"]
                                                                            )
                                                                            {
                                                                                double[] newton:inertia = [0.0000013935421508471076, 0.0000013699994921468855, 4.464583570060067e-7, 6.026791804589297e-11, -7.847182684257114e-8, 6.849484377227262e-10]
                                                                                point3f physics:centerOfMass = (0.00233, 0.00001, 0.01133)
                                                                                float3 physics:diagonalInertia = (4.4e-7, 0.00000137, 0.0000014)
                                                                                float physics:mass = 0.0132
                                                                                quatf physics:principalAxes = (-0.73553306, -0.00029809505, 0.67748874, 0.00022801523)
                                                                            }
                                                                        }
                                                                    }
                                                                }
                                                            }
                                                        }
                                                    }
                                                }

                                                over "right_index_abd_jointbody" (
                                                    prepend apiSchemas = ["PhysicsRigidBodyAPI", "PhysicsMassAPI", "NewtonMassAPI"]
                                                )
                                                {
                                                    double[] newton:inertia = [1e-9, 1e-9, 1e-9, 0, 0, 0]
                                                    point3f physics:centerOfMass = (0, 0, 0)
                                                    float3 physics:diagonalInertia = (1e-9, 1e-9, 1e-9)
                                                    float physics:mass = 0.001
                                                    quatf physics:principalAxes = (1, 0, 0, 0)

                                                    over "right_index_mp" (
                                                        prepend apiSchemas = ["PhysicsRigidBodyAPI", "PhysicsMassAPI", "NewtonMassAPI"]
                                                    )
                                                    {
                                                        double[] newton:inertia = [2.0000000000266357e-7, 3.099999999992254e-7, 3.3999999999811104e-7, 2.9189487728056024e-13, -5.142487144382622e-13, 1.0721937773146146e-18]
                                                        point3f physics:centerOfMass = (0.01155, 0, -0.00004)
                                                        float3 physics:diagonalInertia = (2e-7, 3.1e-7, 3.4e-7)
                                                        float physics:mass = 0.00498
                                                        quatf physics:principalAxes = (2.3874236e-12, -0.99999994, 0.0000013267949, -0.000001847744)

                                                        over "right_index_mcp_jointbody" (
                                                            prepend apiSchemas = ["PhysicsRigidBodyAPI", "PhysicsMassAPI", "NewtonMassAPI"]
                                                        )
                                                        {
                                                            double[] newton:inertia = [1e-9, 1e-9, 1e-9, 0, 0, 0]
                                                            point3f physics:centerOfMass = (0, 0, 0)
                                                            float3 physics:diagonalInertia = (1e-9, 1e-9, 1e-9)
                                                            float physics:mass = 0.001
                                                            quatf physics:principalAxes = (1, 0, 0, 0)

                                                            over "right_index_pp" (
                                                                prepend apiSchemas = ["PhysicsRigidBodyAPI", "PhysicsMassAPI", "NewtonMassAPI"]
                                                            )
                                                            {
                                                                double[] newton:inertia = [0.0000023892906117973562, 0.0000023099998349851933, 7.107095532174507e-7, 4.1308916539135235e-11, -3.4514481491040397e-8, 5.307696315165418e-10]
                                                                point3f physics:centerOfMass = (0.00135, 0.00002, 0.01637)
                                                                float3 physics:diagonalInertia = (7.1e-7, 0.00000231, 0.00000239)
                                                                float physics:mass = 0.0165
                                                                quatf physics:principalAxes = (-0.71433485, -0.00025192945, 0.69980407, -0.000014286692)

                                                                over "right_index_pip_jointbody" (
                                                                    prepend apiSchemas = ["PhysicsRigidBodyAPI", "PhysicsMassAPI", "NewtonMassAPI"]
                                                                )
                                                                {
                                                                    double[] newton:inertia = [1e-9, 1e-9, 1e-9, 0, 0, 0]
                                                                    point3f physics:centerOfMass = (0, 0, 0)
                                                                    float3 physics:diagonalInertia = (1e-9, 1e-9, 1e-9)
                                                                    float physics:mass = 0.001
                                                                    quatf physics:principalAxes = (1, 0, 0, 0)

                                                                    over "right_index_ip" (
                                                                        prepend apiSchemas = ["PhysicsRigidBodyAPI", "PhysicsMassAPI", "NewtonMassAPI"]
                                                                    )
                                                                    {
                                                                        double[] newton:inertia = [0.000002027618436344481, 0.0000020600001410712013, 5.923814225843179e-7, -2.4739702549945963e-11, 2.791472930295686e-7, 6.00801130066668e-10]
                                                                        point3f physics:centerOfMass = (0.00071, 0.00001, 0.01929)
                                                                        float3 physics:diagonalInertia = (5.4e-7, 0.00000206, 0.00000208)
                                                                        float physics:mass = 0.01521
                                                                        quatf physics:principalAxes = (-0.6385793, -0.0015314125, 0.7695529, -0.0015389792)
                                                                    }
                                                                }
                                                            }
                                                        }
                                                    }
                                                }

                                                over "right_middle_abd_jointbody" (
                                                    prepend apiSchemas = ["PhysicsRigidBodyAPI", "PhysicsMassAPI", "NewtonMassAPI"]
                                                )
                                                {
                                                    double[] newton:inertia = [1e-9, 1e-9, 1e-9, 0, 0, 0]
                                                    point3f physics:centerOfMass = (0, 0, 0)
                                                    float3 physics:diagonalInertia = (1e-9, 1e-9, 1e-9)
                                                    float physics:mass = 0.001
                                                    quatf physics:principalAxes = (1, 0, 0, 0)

                                                    over "right_middle_mp" (
                                                        prepend apiSchemas = ["PhysicsRigidBodyAPI", "PhysicsMassAPI", "NewtonMassAPI"]
                                                    )
                                                    {
                                                        double[] newton:inertia = [2.0000000000266357e-7, 3.099999999992254e-7, 3.3999999999811104e-7, 2.9189487728056024e-13, -5.142487144382622e-13, 1.0721937773146146e-18]
                                                        point3f physics:centerOfMass = (0.01155, 0, -0.00004)
                                                        float3 physics:diagonalInertia = (2e-7, 3.1e-7, 3.4e-7)
                                                        float physics:mass = 0.00498
                                                        quatf physics:principalAxes = (2.3874236e-12, -0.99999994, 0.0000013267949, -0.000001847744)

                                                        over "right_middle_mcp_jointbody" (
                                                            prepend apiSchemas = ["PhysicsRigidBodyAPI", "PhysicsMassAPI", "NewtonMassAPI"]
                                                        )
                                                        {
                                                            double[] newton:inertia = [1e-9, 1e-9, 1e-9, 0, 0, 0]
                                                            point3f physics:centerOfMass = (0, 0, 0)
                                                            float3 physics:diagonalInertia = (1e-9, 1e-9, 1e-9)
                                                            float physics:mass = 0.001
                                                            quatf physics:principalAxes = (1, 0, 0, 0)

                                                            over "right_middle_pp" (
                                                                prepend apiSchemas = ["PhysicsRigidBodyAPI", "PhysicsMassAPI", "NewtonMassAPI"]
                                                            )
                                                            {
                                                                double[] newton:inertia = [0.000003779444836901643, 0.0000036900000282831063, 8.905551348152507e-7, 5.250270736826137e-11, -4.0050212806996756e-8, -1.0802207758173679e-10]
                                                                point3f physics:centerOfMass = (0.00144, 0.00002, 0.02021)
                                                                float3 physics:diagonalInertia = (8.9e-7, 0.00000369, 0.00000378)
                                                                float physics:mass = 0.02006
                                                                quatf physics:principalAxes = (-0.71198994, -0.00020012404, 0.7021895, -0.00022427687)

                                                                over "right_middle_pip_jointbody" (
                                                                    prepend apiSchemas = ["PhysicsRigidBodyAPI", "PhysicsMassAPI", "NewtonMassAPI"]
                                                                )
                                                                {
                                                                    double[] newton:inertia = [1e-9, 1e-9, 1e-9, 0, 0, 0]
                                                                    point3f physics:centerOfMass = (0, 0, 0)
                                                                    float3 physics:diagonalInertia = (1e-9, 1e-9, 1e-9)
                                                                    float physics:mass = 0.001
                                                                    quatf physics:principalAxes = (1, 0, 0, 0)

                                                                    over "right_middle_ip" (
                                                                        prepend apiSchemas = ["PhysicsRigidBodyAPI", "PhysicsMassAPI", "NewtonMassAPI"]
                                                                    )
                                                                    {
                                                                        double[] newton:inertia = [0.000002027618436344481, 0.0000020600001410712013, 5.923814225843179e-7, -2.4739702549945963e-11, 2.791472930295686e-7, 6.00801130066668e-10]
                                                                        point3f physics:centerOfMass = (0.00071, 0.00001, 0.01929)
                                                                        float3 physics:diagonalInertia = (5.4e-7, 0.00000206, 0.00000208)
                                                                        float physics:mass = 0.01521
                                                                        quatf physics:principalAxes = (-0.6385793, -0.0015314125, 0.7695529, -0.0015389792)
                                                                    }
                                                                }
                                                            }
                                                        }
                                                    }
                                                }

                                                over "right_ring_abd_jointbody" (
                                                    prepend apiSchemas = ["PhysicsRigidBodyAPI", "PhysicsMassAPI", "NewtonMassAPI"]
                                                )
                                                {
                                                    double[] newton:inertia = [1e-9, 1e-9, 1e-9, 0, 0, 0]
                                                    point3f physics:centerOfMass = (0, 0, 0)
                                                    float3 physics:diagonalInertia = (1e-9, 1e-9, 1e-9)
                                                    float physics:mass = 0.001
                                                    quatf physics:principalAxes = (1, 0, 0, 0)

                                                    over "right_ring_mp" (
                                                        prepend apiSchemas = ["PhysicsRigidBodyAPI", "PhysicsMassAPI", "NewtonMassAPI"]
                                                    )
                                                    {
                                                        double[] newton:inertia = [2.0000000000266357e-7, 3.099999999992254e-7, 3.3999999999811104e-7, 2.9189487728056024e-13, -5.142487144382622e-13, 1.0721937773146146e-18]
                                                        point3f physics:centerOfMass = (0.01155, 0, -0.00004)
                                                        float3 physics:diagonalInertia = (2e-7, 3.1e-7, 3.4e-7)
                                                        float physics:mass = 0.00498
                                                        quatf physics:principalAxes = (2.3874236e-12, -0.99999994, 0.0000013267949, -0.000001847744)

                                                        over "right_ring_mcp_jointbody" (
                                                            prepend apiSchemas = ["PhysicsRigidBodyAPI", "PhysicsMassAPI", "NewtonMassAPI"]
                                                        )
                                                        {
                                                            double[] newton:inertia = [1e-9, 1e-9, 1e-9, 0, 0, 0]
                                                            point3f physics:centerOfMass = (0, 0, 0)
                                                            float3 physics:diagonalInertia = (1e-9, 1e-9, 1e-9)
                                                            float physics:mass = 0.001
                                                            quatf physics:principalAxes = (1, 0, 0, 0)

                                                            over "right_ring_pp" (
                                                                prepend apiSchemas = ["PhysicsRigidBodyAPI", "PhysicsMassAPI", "NewtonMassAPI"]
                                                            )
                                                            {
                                                                double[] newton:inertia = [0.000003779444836901643, 0.0000036900000282831063, 8.905551348152507e-7, 5.250270736826137e-11, -4.0050212806996756e-8, -1.0802207758173679e-10]
                                                                point3f physics:centerOfMass = (0.00144, 0.00002, 0.02021)
                                                                float3 physics:diagonalInertia = (8.9e-7, 0.00000369, 0.00000378)
                                                                float physics:mass = 0.02006
                                                                quatf physics:principalAxes = (-0.71198994, -0.00020012404, 0.7021895, -0.00022427687)

                                                                over "right_ring_pip_jointbody" (
                                                                    prepend apiSchemas = ["PhysicsRigidBodyAPI", "PhysicsMassAPI", "NewtonMassAPI"]
                                                                )
                                                                {
                                                                    double[] newton:inertia = [1e-9, 1e-9, 1e-9, 0, 0, 0]
                                                                    point3f physics:centerOfMass = (0, 0, 0)
                                                                    float3 physics:diagonalInertia = (1e-9, 1e-9, 1e-9)
                                                                    float physics:mass = 0.001
                                                                    quatf physics:principalAxes = (1, 0, 0, 0)

                                                                    over "right_ring_ip" (
                                                                        prepend apiSchemas = ["PhysicsRigidBodyAPI", "PhysicsMassAPI", "NewtonMassAPI"]
                                                                    )
                                                                    {
                                                                        double[] newton:inertia = [0.000002027618436344481, 0.0000020600001410712013, 5.923814225843179e-7, -2.4739702549945963e-11, 2.791472930295686e-7, 6.00801130066668e-10]
                                                                        point3f physics:centerOfMass = (0.00071, 0.00001, 0.01929)
                                                                        float3 physics:diagonalInertia = (5.4e-7, 0.00000206, 0.00000208)
                                                                        float physics:mass = 0.01521
                                                                        quatf physics:principalAxes = (-0.6385793, -0.0015314125, 0.7695529, -0.0015389792)
                                                                    }
                                                                }
                                                            }
                                                        }
                                                    }
                                                }

                                                over "right_pinky_abd_jointbody" (
                                                    prepend apiSchemas = ["PhysicsRigidBodyAPI", "PhysicsMassAPI", "NewtonMassAPI"]
                                                )
                                                {
                                                    double[] newton:inertia = [1e-9, 1e-9, 1e-9, 0, 0, 0]
                                                    point3f physics:centerOfMass = (0, 0, 0)
                                                    float3 physics:diagonalInertia = (1e-9, 1e-9, 1e-9)
                                                    float physics:mass = 0.001
                                                    quatf physics:principalAxes = (1, 0, 0, 0)

                                                    over "right_pinky_mp" (
                                                        prepend apiSchemas = ["PhysicsRigidBodyAPI", "PhysicsMassAPI", "NewtonMassAPI"]
                                                    )
                                                    {
                                                        double[] newton:inertia = [2.0000000000266357e-7, 3.099999999992254e-7, 3.3999999999811104e-7, 2.9189487728056024e-13, -5.142487144382622e-13, 1.0721937773146146e-18]
                                                        point3f physics:centerOfMass = (0.01155, 0, -0.00004)
                                                        float3 physics:diagonalInertia = (2e-7, 3.1e-7, 3.4e-7)
                                                        float physics:mass = 0.00498
                                                        quatf physics:principalAxes = (2.3874236e-12, -0.99999994, 0.0000013267949, -0.000001847744)

                                                        over "right_pinky_mcp_jointbody" (
                                                            prepend apiSchemas = ["PhysicsRigidBodyAPI", "PhysicsMassAPI", "NewtonMassAPI"]
                                                        )
                                                        {
                                                            double[] newton:inertia = [1e-9, 1e-9, 1e-9, 0, 0, 0]
                                                            point3f physics:centerOfMass = (0, 0, 0)
                                                            float3 physics:diagonalInertia = (1e-9, 1e-9, 1e-9)
                                                            float physics:mass = 0.001
                                                            quatf physics:principalAxes = (1, 0, 0, 0)

                                                            over "right_pinky_pp" (
                                                                prepend apiSchemas = ["PhysicsRigidBodyAPI", "PhysicsMassAPI", "NewtonMassAPI"]
                                                            )
                                                            {
                                                                double[] newton:inertia = [0.0000016988185683565165, 0.0000016399998716731134, 5.911815599703699e-7, 3.267286732220782e-11, -3.619372184735362e-8, 3.7598731819458713e-10]
                                                                point3f physics:centerOfMass = (0.00135, 0.00002, 0.01383)
                                                                float3 physics:diagonalInertia = (5.9e-7, 0.00000164, 0.0000017)
                                                                float physics:mass = 0.01402
                                                                quatf physics:principalAxes = (-0.7185486, -0.00024689425, 0.6954767, 0.00001077824)

                                                                over "right_pinky_pip_jointbody" (
                                                                    prepend apiSchemas = ["PhysicsRigidBodyAPI", "PhysicsMassAPI", "NewtonMassAPI"]
                                                                )
                                                                {
                                                                    double[] newton:inertia = [1e-9, 1e-9, 1e-9, 0, 0, 0]
                                                                    point3f physics:centerOfMass = (0, 0, 0)
                                                                    float3 physics:diagonalInertia = (1e-9, 1e-9, 1e-9)
                                                                    float physics:mass = 0.001
                                                                    quatf physics:principalAxes = (1, 0, 0, 0)

                                                                    over "right_pinky_ip" (
                                                                        prepend apiSchemas = ["PhysicsRigidBodyAPI", "PhysicsMassAPI", "NewtonMassAPI"]
                                                                    )
                                                                    {
                                                                        double[] newton:inertia = [0.000002027618436344481, 0.0000020600001410712013, 5.923814225843179e-7, -2.4739702549945963e-11, 2.791472930295686e-7, 6.00801130066668e-10]
                                                                        point3f physics:centerOfMass = (0.00071, 0.00001, 0.01929)
                                                                        float3 physics:diagonalInertia = (5.4e-7, 0.00000206, 0.00000208)
                                                                        float physics:mass = 0.01521
                                                                        quatf physics:principalAxes = (-0.6385793, -0.0015314125, 0.7695529, -0.0015389792)
                                                                    }
                                                                }
                                                            }
                                                        }
                                                    }
                                                }
                                            }
                                        }

                                        over "asimov_orca_adapter_collision" (
                                            prepend apiSchemas = ["NewtonCollisionAPI"]
                                        )
                                        {
                                        }
                                    }
                                }

                                over "cylinder" (
                                    prepend apiSchemas = ["NewtonCollisionAPI"]
                                )
                                {
                                }

                                over "sphere" (
                                    prepend apiSchemas = ["NewtonCollisionAPI"]
                                )
                                {
                                }

                                over "sphere_1" (
                                    prepend apiSchemas = ["NewtonCollisionAPI"]
                                )
                                {
                                }
                            }
                        }

                        over "cylinder" (
                            prepend apiSchemas = ["NewtonCollisionAPI"]
                        )
                        {
                        }

                        over "sphere" (
                            prepend apiSchemas = ["NewtonCollisionAPI"]
                        )
                        {
                        }

                        over "sphere_1" (
                            prepend apiSchemas = ["NewtonCollisionAPI"]
                        )
                        {
                        }
                    }
                }

                over "cylinder" (
                    prepend apiSchemas = ["NewtonCollisionAPI"]
                )
                {
                }

                over "sphere" (
                    prepend apiSchemas = ["NewtonCollisionAPI"]
                )
                {
                }

                over "sphere_1" (
                    prepend apiSchemas = ["NewtonCollisionAPI"]
                )
                {
                }

                over "neck_yaw_link" (
                    prepend apiSchemas = ["PhysicsRigidBodyAPI", "PhysicsMassAPI", "NewtonMassAPI"]
                )
                {
                    double[] newton:inertia = [0.00026434724298741167, 0.00024877156429984736, 0.000201930919812741, 1.5951028999516578e-11, 0.00001212626814339422, -8.509320885850155e-11]
                    point3f physics:centerOfMass = (-0.00023215506, -0.0006869324, 0.035674684)
                    float3 physics:diagonalInertia = (0.0001996578, 0.00024877157, 0.00026662037)
                    float physics:mass = 0.5327893
                    quatf physics:principalAxes = (-0.63865304, 6.78214e-7, 0.7694948, -5.6289326e-7)

                    over "neck_pitch_link" (
                        prepend apiSchemas = ["PhysicsRigidBodyAPI", "PhysicsMassAPI", "NewtonMassAPI"]
                    )
                    {
                        double[] newton:inertia = [0.0012872669776064181, 0.0017308707043483787, 0.001451454291045206, 3.5517559615171884e-7, 0.00014255455656084876, -3.9978311041453644e-7]
                        point3f physics:centerOfMass = (0.012388775, 0.00086195214, 0.04251893)
                        float3 physics:diagonalInertia = (0.0012048574, 0.0015338633, 0.0017308714)
                        float physics:mass = 0.3940556
                        quatf physics:principalAxes = (-0.683342, -0.6825816, -0.18295074, 0.18345322)

                        over "cylinder" (
                            prepend apiSchemas = ["NewtonCollisionAPI"]
                        )
                        {
                        }

                        over "sphere" (
                            prepend apiSchemas = ["NewtonCollisionAPI"]
                        )
                        {
                        }

                        over "sphere_1" (
                            prepend apiSchemas = ["NewtonCollisionAPI"]
                        )
                        {
                        }
                    }
                }

                over "left_shoulder_pitch_link" (
                    prepend apiSchemas = ["PhysicsRigidBodyAPI", "PhysicsMassAPI", "NewtonMassAPI"]
                )
                {
                    double[] newton:inertia = [0.0003303159213150623, 0.0004185178583515983, 0.00042137916553334007, 2.455437102982174e-7, -2.2836028176191504e-9, -1.0185486613320779e-8]
                    point3f physics:centerOfMass = (0.00015988949, 0.015791588, -3.482032e-7)
                    float3 physics:diagonalInertia = (0.00033031523, 0.0004185185, 0.0004213792)
                    float physics:mass = 0.59915715
                    quatf physics:principalAxes = (-0.0017813453, 0.99999744, -0.0013919, 0.000014841557)

                    over "left_shoulder_roll_link" (
                        prepend apiSchemas = ["PhysicsRigidBodyAPI", "PhysicsMassAPI", "NewtonMassAPI"]
                    )
                    {
                        double[] newton:inertia = [0.0016328136440090003, 0.0014914748926321305, 0.0007408097940588694, -4.3632185797758925e-7, 9.066462190749033e-7, -0.0000030850395004218824]
                        point3f physics:centerOfMass = (0.00011401839, 0.000043288066, -0.03731006)
                        float3 physics:diagonalInertia = (0.0007407962, 0.0014914862, 0.0016328159)
                        float physics:mass = 1.3132281
                        quatf physics:principalAxes = (-0.7067434, 0.002552299, 0.70746523, -0.00035211863)

                        over "cylinder" (
                            prepend apiSchemas = ["NewtonCollisionAPI"]
                        )
                        {
                        }

                        over "sphere" (
                            prepend apiSchemas = ["NewtonCollisionAPI"]
                        )
                        {
                        }

                        over "sphere_1" (
                            prepend apiSchemas = ["NewtonCollisionAPI"]
                        )
                        {
                        }

                        over "left_shoulder_yaw_link" (
                            prepend apiSchemas = ["PhysicsRigidBodyAPI", "PhysicsMassAPI", "NewtonMassAPI"]
                        )
                        {
                            double[] newton:inertia = [0.0005013958200963374, 0.0005146327993608856, 0.0003102769650427773, -1.0357201449946674e-7, 3.857240036696492e-7, 9.787644276094579e-7]
                            point3f physics:centerOfMass = (-0.00033000065, 0.00013603672, -0.07536191)
                            float3 physics:diagonalInertia = (0.00031027148, 0.00050139584, 0.00051463826)
                            float physics:mass = 0.71226174
                            quatf physics:principalAxes = (-0.4963699, -0.5025997, 0.49978077, -0.501228)

                            over "left_elbow_link" (
                                prepend apiSchemas = ["PhysicsRigidBodyAPI", "PhysicsMassAPI", "NewtonMassAPI"]
                            )
                            {
                                double[] newton:inertia = [0.0003317095068321155, 0.00041843029810626235, 0.0003678178558616229, -1.152654504871077e-7, 0.000055873420861414334, 9.677952013730013e-8]
                                point3f physics:centerOfMass = (0.05237564, 0.00009847234, -0.044442642)
                                float3 physics:diagonalInertia = (0.0002910456, 0.00040848157, 0.00041843049)
                                float physics:mass = 0.6623176
                                quatf physics:principalAxes = (-0.67192835, -0.67289066, -0.21906269, 0.21849932)

                                over "cylinder" (
                                    prepend apiSchemas = ["NewtonCollisionAPI"]
                                )
                                {
                                }

                                over "sphere" (
                                    prepend apiSchemas = ["NewtonCollisionAPI"]
                                )
                                {
                                }

                                over "sphere_1" (
                                    prepend apiSchemas = ["NewtonCollisionAPI"]
                                )
                                {
                                }

                                over "left_wrist_yaw_link" (
                                    prepend apiSchemas = ["PhysicsRigidBodyAPI", "PhysicsMassAPI", "NewtonMassAPI"]
                                )
                                {
                                    double[] newton:inertia = [0.000012067429801720745, 0.000008401301398962196, 0.00001106580349331706, 1.833298111809646e-7, -0.0000028402536559515075, 2.1848394615053904e-7]
                                    point3f physics:centerOfMass = (0.0038228931, 1.7394452e-8, -0.003207742)
                                    float3 physics:diagonalInertia = (0.000008223931, 0.000008859918, 0.000014450686)
                                    float physics:mass = 0.05805879
                                    quatf physics:principalAxes = (-0.7922033, -0.2052854, 0.36941043, 0.44023594)
                                }
                            }
                        }
                    }
                }
            }

            over "cylinder" (
                prepend apiSchemas = ["NewtonCollisionAPI"]
            )
            {
            }

            over "sphere" (
                prepend apiSchemas = ["NewtonCollisionAPI"]
            )
            {
            }

            over "sphere_1" (
                prepend apiSchemas = ["NewtonCollisionAPI"]
            )
            {
            }

            over "left_hip_pitch_link" (
                prepend apiSchemas = ["PhysicsRigidBodyAPI", "PhysicsMassAPI", "NewtonMassAPI"]
            )
            {
                double[] newton:inertia = [0.0006923298907043478, 0.000812587075177816, 0.0007533801312178384, -0.000035766195944271153, 0.0000018400337134848738, 0.00001200314763801757]
                point3f physics:centerOfMass = (0.0017289544, 0.036056325, 0.00056926673)
                float3 physics:diagonalInertia = (0.00068214745, 0.0007519887, 0.000824161)
                float physics:mass = 1.0563011
                quatf physics:principalAxes = (-0.64697856, -0.74939597, -0.12632596, -0.062177896)

                over "cylinder" (
                    prepend apiSchemas = ["NewtonCollisionAPI"]
                )
                {
                }

                over "sphere" (
                    prepend apiSchemas = ["NewtonCollisionAPI"]
                )
                {
                }

                over "sphere_1" (
                    prepend apiSchemas = ["NewtonCollisionAPI"]
                )
                {
                }

                over "left_hip_roll_link" (
                    prepend apiSchemas = ["PhysicsRigidBodyAPI", "PhysicsMassAPI", "NewtonMassAPI"]
                )
                {
                    double[] newton:inertia = [0.00026539399874691584, 0.00035745387633050326, 0.00023447427362258098, 0.0000022150389710775056, -0.00011578104496487413, 0.0000029842693063954083]
                    point3f physics:centerOfMass = (-0.011554139, -0.00033482796, -0.029410185)
                    float3 physics:diagonalInertia = (0.00013306434, 0.00035750537, 0.00036675244)
                    float physics:mass = 0.41436815
                    quatf physics:principalAxes = (-0.9105744, 0.011315929, 0.4129464, 0.01419572)

                    over "left_hip_yaw_link" (
                        prepend apiSchemas = ["PhysicsRigidBodyAPI", "PhysicsMassAPI", "NewtonMassAPI"]
                    )
                    {
                        double[] newton:inertia = [0.0034163280559927857, 0.003560159085857264, 0.0013752437191499503, 0.000011287236038135464, 0.000028977904011869246, -0.00011976189617888885]
                        point3f physics:centerOfMass = (0.001079482, -0.005984025, -0.12081338)
                        float3 physics:diagonalInertia = (0.0013682725, 0.003416131, 0.0035673273)
                        float physics:mass = 1.8665701
                        quatf physics:principalAxes = (-0.5249985, -0.4660073, 0.5060043, -0.501172)

                        over "cylinder" (
                            prepend apiSchemas = ["NewtonCollisionAPI"]
                        )
                        {
                        }

                        over "sphere" (
                            prepend apiSchemas = ["NewtonCollisionAPI"]
                        )
                        {
                        }

                        over "sphere_1" (
                            prepend apiSchemas = ["NewtonCollisionAPI"]
                        )
                        {
                        }

                        over "left_knee_link" (
                            prepend apiSchemas = ["PhysicsRigidBodyAPI", "PhysicsMassAPI", "NewtonMassAPI"]
                        )
                        {
                            double[] newton:inertia = [0.009621720596299997, 0.00975314355538491, 0.0023309523613150953, 0.000009876468144445604, -0.0006451400648573521, -0.000007940587148064508]
                            point3f physics:centerOfMass = (-0.0020164931, 0.000074254815, -0.09037474)
                            float3 physics:diagonalInertia = (0.0022742993, 0.009676912, 0.009754606)
                            float physics:mass = 2.3911414
                            quatf physics:principalAxes = (-0.5561539, -0.484176, 0.50904155, -0.44400802)

                            over "cylinder" (
                                prepend apiSchemas = ["NewtonCollisionAPI"]
                            )
                            {
                            }

                            over "sphere" (
                                prepend apiSchemas = ["NewtonCollisionAPI"]
                            )
                            {
                            }

                            over "sphere_1" (
                                prepend apiSchemas = ["NewtonCollisionAPI"]
                            )
                            {
                            }

                            over "left_ankle_pitch_link" (
                                prepend apiSchemas = ["PhysicsRigidBodyAPI", "PhysicsMassAPI", "NewtonMassAPI"]
                            )
                            {
                                double[] newton:inertia = [0.00006426613198061201, 0.00008099442113516877, 0.00004719278413421925, -2.405712992046816e-10, -0.0000010753451178767005, -2.3056007390471635e-10]
                                point3f physics:centerOfMass = (-0.0011792704, -3.0701912e-8, -0.0061761923)
                                float3 physics:diagonalInertia = (0.000047125322, 0.000064333595, 0.00008099442)
                                float physics:mass = 0.27309012
                                quatf physics:principalAxes = (-0.5154138, -0.5154173, 0.48408863, -0.4840989)

                                over "left_ankle_roll_link" (
                                    prepend apiSchemas = ["PhysicsRigidBodyAPI", "PhysicsMassAPI", "NewtonMassAPI"]
                                )
                                {
                                    double[] newton:inertia = [0.00022344251996401907, 0.001095910950381705, 0.0011879941402542778, 1.432970155413504e-8, -0.000024969699717116907, 1.2659991419075787e-8]
                                    point3f physics:centerOfMass = (0.0602, 0, -0.0174)
                                    float3 physics:diagonalInertia = (0.00022279656, 0.0010959109, 0.0011886401)
                                    float physics:mass = 0.44468
                                    quatf physics:principalAxes = (-0.000066128174, -0.9999164, 0.00000924676, -0.012931764)

                                    over "sphere" (
                                        prepend apiSchemas = ["NewtonCollisionAPI"]
                                    )
                                    {
                                    }

                                    over "sphere_1" (
                                        prepend apiSchemas = ["NewtonCollisionAPI"]
                                    )
                                    {
                                    }

                                    over "sphere_2" (
                                        prepend apiSchemas = ["NewtonCollisionAPI"]
                                    )
                                    {
                                    }

                                    over "sphere_3" (
                                        prepend apiSchemas = ["NewtonCollisionAPI"]
                                    )
                                    {
                                    }
                                }
                            }
                        }
                    }
                }
            }

            over "right_hip_pitch_link" (
                prepend apiSchemas = ["PhysicsRigidBodyAPI", "PhysicsMassAPI", "NewtonMassAPI"]
            )
            {
                double[] newton:inertia = [0.0006923291360928837, 0.000812582558737961, 0.0007533841086691553, 0.00003576503715078811, 0.00000184099823235618, -0.00001200753870508216]
                point3f physics:centerOfMass = (0.0017289155, -0.03605608, 0.0005688309)
                float3 physics:diagonalInertia = (0.00068214675, 0.0007519915, 0.00082415756)
                float physics:mass = 1.0562974
                quatf physics:principalAxes = (-0.74941754, -0.64695257, 0.062164992, 0.12633789)

                over "cylinder" (
                    prepend apiSchemas = ["NewtonCollisionAPI"]
                )
                {
                }

                over "sphere" (
                    prepend apiSchemas = ["NewtonCollisionAPI"]
                )
                {
                }

                over "sphere_1" (
                    prepend apiSchemas = ["NewtonCollisionAPI"]
                )
                {
                }

                over "right_hip_roll_link" (
                    prepend apiSchemas = ["PhysicsRigidBodyAPI", "PhysicsMassAPI", "NewtonMassAPI"]
                )
                {
                    double[] newton:inertia = [0.0002658932130363419, 0.0003577347593248322, 0.00023480392913882597, -0.00000233118792004348, -0.0001158839720431103, -0.0000032324251375366278]
                    point3f physics:centerOfMass = (-0.011543567, 0.00036145872, -0.02938589)
                    float3 physics:diagonalInertia = (0.0001333565, 0.00035779018, 0.0003672852)
                    float physics:mass = 0.414825
                    quatf physics:principalAxes = (-0.91046536, -0.014283524, 0.41302145, -0.016189275)

                    over "right_hip_yaw_link" (
                        prepend apiSchemas = ["PhysicsRigidBodyAPI", "PhysicsMassAPI", "NewtonMassAPI"]
                    )
                    {
                        double[] newton:inertia = [0.00341588734521388, 0.003559900154412306, 0.001375252721373816, -0.000011759778958299927, 0.000029173359537081937, 0.00011971567133529202]
                        point3f physics:centerOfMass = (0.0010759524, 0.0054053455, -0.12074383)
                        float3 physics:diagonalInertia = (0.0013682792, 0.0034156372, 0.003567124)
                        float physics:mass = 1.8664722
                        quatf physics:principalAxes = (-0.46520925, -0.52565306, 0.50044996, -0.5067732)

                        over "cylinder" (
                            prepend apiSchemas = ["NewtonCollisionAPI"]
                        )
                        {
                        }

                        over "sphere" (
                            prepend apiSchemas = ["NewtonCollisionAPI"]
                        )
                        {
                        }

                        over "sphere_1" (
                            prepend apiSchemas = ["NewtonCollisionAPI"]
                        )
                        {
                        }

                        over "right_knee_link" (
                            prepend apiSchemas = ["PhysicsRigidBodyAPI", "PhysicsMassAPI", "NewtonMassAPI"]
                        )
                        {
                            double[] newton:inertia = [0.009621482107935316, 0.009752872326652076, 0.002330903467412607, -0.000009875337377488998, -0.0006450946900862645, 0.00000798428968049342]
                            point3f physics:centerOfMass = (-0.0019759866, 0.000020293988, -0.09037458)
                            float3 physics:diagonalInertia = (0.0022742567, 0.009676666, 0.0097543355)
                            float physics:mass = 2.3911016
                            quatf physics:principalAxes = (-0.48415178, -0.5561733, 0.44399053, -0.5090587)

                            over "cylinder" (
                                prepend apiSchemas = ["NewtonCollisionAPI"]
                            )
                            {
                            }

                            over "sphere" (
                                prepend apiSchemas = ["NewtonCollisionAPI"]
                            )
                            {
                            }

                            over "sphere_1" (
                                prepend apiSchemas = ["NewtonCollisionAPI"]
                            )
                            {
                            }

                            over "right_ankle_pitch_link" (
                                prepend apiSchemas = ["PhysicsRigidBodyAPI", "PhysicsMassAPI", "NewtonMassAPI"]
                            )
                            {
                                double[] newton:inertia = [0.0000642659452116056, 0.00008099443483554803, 0.00004719260128284638, -1.0228464049771562e-10, -0.0000010755877018145019, 3.5270097786106816e-10]
                                point3f physics:centerOfMass = (-0.0011793693, 6.867169e-8, -0.0061761457)
                                float3 physics:diagonalInertia = (0.000047125108, 0.000064333435, 0.00008099443)
                                float physics:mass = 0.27308917
                                quatf physics:principalAxes = (-0.5154146, -0.51542336, 0.484091, -0.48408934)

                                over "right_ankle_roll_link" (
                                    prepend apiSchemas = ["PhysicsRigidBodyAPI", "PhysicsMassAPI", "NewtonMassAPI"]
                                )
                                {
                                    double[] newton:inertia = [0.00022344251996401907, 0.001095910950381705, 0.0011879941402542778, 1.432970155413504e-8, -0.000024969699717116907, 1.2659991419075787e-8]
                                    point3f physics:centerOfMass = (0.0602, 0, -0.0174)
                                    float3 physics:diagonalInertia = (0.00022279656, 0.0010959109, 0.0011886401)
                                    float physics:mass = 0.44468
                                    quatf physics:principalAxes = (-0.000066128174, -0.9999164, 0.00000924676, -0.012931764)

                                    over "sphere" (
                                        prepend apiSchemas = ["NewtonCollisionAPI"]
                                    )
                                    {
                                    }

                                    over "sphere_1" (
                                        prepend apiSchemas = ["NewtonCollisionAPI"]
                                    )
                                    {
                                    }

                                    over "sphere_2" (
                                        prepend apiSchemas = ["NewtonCollisionAPI"]
                                    )
                                    {
                                    }

                                    over "sphere_3" (
                                        prepend apiSchemas = ["NewtonCollisionAPI"]
                                    )
                                    {
                                    }
                                }
                            }
                        }
                    }
                }
            }
        }
    }

    over "Physics"
    {
        def PhysicsRevoluteJoint "left_hip_pitch_joint" (
            prepend apiSchemas = ["NewtonJointAPI", "PhysicsDriveAPI:angular", "PhysicsJointStateAPI:angular"]
        )
        {
            float drive:angular:physics:damping = 0.20943952
            float drive:angular:physics:maxForce = 45
            float drive:angular:physics:stiffness = 2.0943952
            uniform token drive:angular:physics:type = "force"
            float newton:velocityLimit = 720.20795
            uniform token physics:axis = "Y"
            custom rel physics:body0
            append rel physics:body0 = </asimov_1_orcahand_v1_right_spike/Geometry/pelvis_link>
            custom rel physics:body1
            append rel physics:body1 = </asimov_1_orcahand_v1_right_spike/Geometry/pelvis_link/left_hip_pitch_link>
            point3f physics:localPos0 = (-0.052, 0.0675, -0.044045)
            point3f physics:localPos1 = (0, 0, 0)
            quatf physics:localRot0 = (1, 0, 0, 0)
            quatf physics:localRot1 = (1, 0, 0, 0)
            float physics:lowerLimit = -119.99999
            float physics:upperLimit = 57.29578
            custom float urdf:limit:effort = 45
        }

        def PhysicsRevoluteJoint "left_hip_roll_joint" (
            prepend apiSchemas = ["NewtonJointAPI", "PhysicsDriveAPI:angular", "PhysicsJointStateAPI:angular"]
        )
        {
            float drive:angular:physics:damping = 0.20943952
            float drive:angular:physics:maxForce = 45
            float drive:angular:physics:stiffness = 2.0943952
            uniform token drive:angular:physics:type = "force"
            float newton:velocityLimit = 228.0372
            uniform token physics:axis = "X"
            custom rel physics:body0
            append rel physics:body0 = </asimov_1_orcahand_v1_right_spike/Geometry/pelvis_link/left_hip_pitch_link>
            custom rel physics:body1
            append rel physics:body1 = </asimov_1_orcahand_v1_right_spike/Geometry/pelvis_link/left_hip_pitch_link/left_hip_roll_link>
            point3f physics:localPos0 = (0.0422501, 0.040000275, 0)
            point3f physics:localPos1 = (0, 0, 0)
            quatf physics:localRot0 = (1, 0, 0, 0)
            quatf physics:localRot1 = (1, 0, 0, 0)
            float physics:lowerLimit = -44.999992
            float physics:upperLimit = 44.999992
            custom float urdf:limit:effort = 45
        }

        def PhysicsRevoluteJoint "left_hip_yaw_joint" (
            prepend apiSchemas = ["NewtonJointAPI", "PhysicsDriveAPI:angular", "PhysicsJointStateAPI:angular"]
        )
        {
            float drive:angular:physics:damping = 0.20943952
            float drive:angular:physics:maxForce = 28
            float drive:angular:physics:stiffness = 2.0943952
            uniform token drive:angular:physics:type = "force"
            float newton:velocityLimit = 312.262
            uniform token physics:axis = "Z"
            custom rel physics:body0
            append rel physics:body0 = </asimov_1_orcahand_v1_right_spike/Geometry/pelvis_link/left_hip_pitch_link/left_hip_roll_link>
            custom rel physics:body1
            append rel physics:body1 = </asimov_1_orcahand_v1_right_spike/Geometry/pelvis_link/left_hip_pitch_link/left_hip_roll_link/left_hip_yaw_link>
            point3f physics:localPos0 = (-0.04225, 0.0070089255, -0.051525477)
            point3f physics:localPos1 = (0, 0, 0)
            quatf physics:localRot0 = (0, -1, 0, 0)
            quatf physics:localRot1 = (0, -1, 0, 0)
            float physics:lowerLimit = -44.999992
            float physics:upperLimit = 44.999992
            custom float urdf:limit:effort = 28
        }

        def PhysicsRevoluteJoint "left_knee_joint" (
            prepend apiSchemas = ["NewtonJointAPI", "PhysicsDriveAPI:angular", "PhysicsJointStateAPI:angular"]
        )
        {
            float drive:angular:physics:damping = 0.20943952
            float drive:angular:physics:maxForce = 45
            float drive:angular:physics:stiffness = 2.0943952
            uniform token drive:angular:physics:type = "force"
            float newton:velocityLimit = 701.8733
            uniform token physics:axis = "Y"
            custom rel physics:body0
            append rel physics:body0 = </asimov_1_orcahand_v1_right_spike/Geometry/pelvis_link/left_hip_pitch_link/left_hip_roll_link/left_hip_yaw_link>
            custom rel physics:body1
            append rel physics:body1 = </asimov_1_orcahand_v1_right_spike/Geometry/pelvis_link/left_hip_pitch_link/left_hip_roll_link/left_hip_yaw_link/left_knee_link>
            point3f physics:localPos0 = (0.0015157287, -0.006573891, -0.21843268)
            point3f physics:localPos1 = (0, 0, 0)
            quatf physics:localRot0 = (1, 0, 0, 0)
            quatf physics:localRot1 = (1, 0, 0, 0)
            float physics:lowerLimit = 0
            float physics:upperLimit = 85.94367
            custom float urdf:limit:effort = 45
        }

        def PhysicsRevoluteJoint "left_ankle_pitch_joint" (
            prepend apiSchemas = ["NewtonJointAPI", "PhysicsDriveAPI:angular", "PhysicsJointStateAPI:angular"]
        )
        {
            float drive:angular:physics:damping = 0.20943952
            float drive:angular:physics:maxForce = 40
            float drive:angular:physics:stiffness = 2.0943952
            uniform token drive:angular:physics:type = "force"
            float newton:velocityLimit = 533.99664
            uniform token physics:axis = "Y"
            custom rel physics:body0
            append rel physics:body0 = </asimov_1_orcahand_v1_right_spike/Geometry/pelvis_link/left_hip_pitch_link/left_hip_roll_link/left_hip_yaw_link/left_knee_link>
            custom rel physics:body1
            append rel physics:body1 = </asimov_1_orcahand_v1_right_spike/Geometry/pelvis_link/left_hip_pitch_link/left_hip_roll_link/left_hip_yaw_link/left_knee_link/left_ankle_pitch_link>
            point3f physics:localPos0 = (-0.0015157287, -0.00043503472, -0.27234417)
            point3f physics:localPos1 = (0, 0, 0)
            quatf physics:localRot0 = (1, 0, 0, 0)
            quatf physics:localRot1 = (1, 0, 0, 0)
            float physics:lowerLimit = -20.053522
            float physics:upperLimit = 20.053522
            custom float urdf:limit:effort = 40
        }

        def PhysicsRevoluteJoint "left_ankle_roll_joint" (
            prepend apiSchemas = ["NewtonJointAPI", "PhysicsDriveAPI:angular", "PhysicsJointStateAPI:angular"]
        )
        {
            float drive:angular:physics:damping = 0.20943952
            float drive:angular:physics:maxForce = 17
            float drive:angular:physics:stiffness = 2.0943952
            uniform token drive:angular:physics:type = "force"
            float newton:velocityLimit = 533.99664
            uniform token physics:axis = "X"
            custom rel physics:body0
            append rel physics:body0 = </asimov_1_orcahand_v1_right_spike/Geometry/pelvis_link/left_hip_pitch_link/left_hip_roll_link/left_hip_yaw_link/left_knee_link/left_ankle_pitch_link>
            custom rel physics:body1
            append rel physics:body1 = </asimov_1_orcahand_v1_right_spike/Geometry/pelvis_link/left_hip_pitch_link/left_hip_roll_link/left_hip_yaw_link/left_knee_link/left_ankle_pitch_link/left_ankle_roll_link>
            point3f physics:localPos0 = (-0.0015, 0, -0.01)
            point3f physics:localPos1 = (0, 0, 0)
            quatf physics:localRot0 = (0, 0, -1, 0)
            quatf physics:localRot1 = (0, 0, -1, 0)
            float physics:lowerLimit = -5.729578
            float physics:upperLimit = 5.729578
            custom float urdf:limit:effort = 17
        }

        def PhysicsRevoluteJoint "right_hip_pitch_joint" (
            prepend apiSchemas = ["NewtonJointAPI", "PhysicsDriveAPI:angular", "PhysicsJointStateAPI:angular"]
        )
        {
            float drive:angular:physics:damping = 0.20943952
            float drive:angular:physics:maxForce = 45
            float drive:angular:physics:stiffness = 2.0943952
            uniform token drive:angular:physics:type = "force"
            float newton:velocityLimit = 720.20795
            uniform token physics:axis = "Y"
            custom rel physics:body0
            append rel physics:body0 = </asimov_1_orcahand_v1_right_spike/Geometry/pelvis_link>
            custom rel physics:body1
            append rel physics:body1 = </asimov_1_orcahand_v1_right_spike/Geometry/pelvis_link/right_hip_pitch_link>
            point3f physics:localPos0 = (-0.052, -0.0675, -0.044045)
            point3f physics:localPos1 = (0, 0, 0)
            quatf physics:localRot0 = (0, -1, 0, 0)
            quatf physics:localRot1 = (0, -1, 0, 0)
            float physics:lowerLimit = -57.29578
            float physics:upperLimit = 119.99999
            custom float urdf:limit:effort = 45
        }

        def PhysicsRevoluteJoint "right_hip_roll_joint" (
            prepend apiSchemas = ["NewtonJointAPI", "PhysicsDriveAPI:angular", "PhysicsJointStateAPI:angular"]
        )
        {
            float drive:angular:physics:damping = 0.20943952
            float drive:angular:physics:maxForce = 45
            float drive:angular:physics:stiffness = 2.0943952
            uniform token drive:angular:physics:type = "force"
            float newton:velocityLimit = 228.0372
            uniform token physics:axis = "X"
            custom rel physics:body0
            append rel physics:body0 = </asimov_1_orcahand_v1_right_spike/Geometry/pelvis_link/right_hip_pitch_link>
            custom rel physics:body1
            append rel physics:body1 = </asimov_1_orcahand_v1_right_spike/Geometry/pelvis_link/right_hip_pitch_link/right_hip_roll_link>
            point3f physics:localPos0 = (0.04225, -0.04, 0)
            point3f physics:localPos1 = (0, 0, 0)
            quatf physics:localRot0 = (1, 0, 0, 0)
            quatf physics:localRot1 = (1, 0, 0, 0)
            float physics:lowerLimit = -44.999992
            float physics:upperLimit = 44.999992
            custom float urdf:limit:effort = 45
        }

        def PhysicsRevoluteJoint "right_hip_yaw_joint" (
            prepend apiSchemas = ["NewtonJointAPI", "PhysicsDriveAPI:angular", "PhysicsJointStateAPI:angular"]
        )
        {
            float drive:angular:physics:damping = 0.20943952
            float drive:angular:physics:maxForce = 28
            float drive:angular:physics:stiffness = 2.0943952
            uniform token drive:angular:physics:type = "force"
            float newton:velocityLimit = 312.262
            uniform token physics:axis = "Z"
            custom rel physics:body0
            append rel physics:body0 = </asimov_1_orcahand_v1_right_spike/Geometry/pelvis_link/right_hip_pitch_link/right_hip_roll_link>
            custom rel physics:body1
            append rel physics:body1 = </asimov_1_orcahand_v1_right_spike/Geometry/pelvis_link/right_hip_pitch_link/right_hip_roll_link/right_hip_yaw_link>
            point3f physics:localPos0 = (-0.04225, -0.0064271, -0.051601)
            point3f physics:localPos1 = (0, 0, 0)
            quatf physics:localRot0 = (0, -1, 0, 0)
            quatf physics:localRot1 = (0, -1, 0, 0)
            float physics:lowerLimit = -44.999992
            float physics:upperLimit = 44.999992
            custom float urdf:limit:effort = 28
        }

        def PhysicsRevoluteJoint "right_knee_joint" (
            prepend apiSchemas = ["NewtonJointAPI", "PhysicsDriveAPI:angular", "PhysicsJointStateAPI:angular"]
        )
        {
            float drive:angular:physics:damping = 0.20943952
            float drive:angular:physics:maxForce = 45
            float drive:angular:physics:stiffness = 2.0943952
            uniform token drive:angular:physics:type = "force"
            float newton:velocityLimit = 701.8733
            uniform token physics:axis = "Y"
            custom rel physics:body0
            append rel physics:body0 = </asimov_1_orcahand_v1_right_spike/Geometry/pelvis_link/right_hip_pitch_link/right_hip_roll_link/right_hip_yaw_link>
            custom rel physics:body1
            append rel physics:body1 = </asimov_1_orcahand_v1_right_spike/Geometry/pelvis_link/right_hip_pitch_link/right_hip_roll_link/right_hip_yaw_link/right_knee_link>
            point3f physics:localPos0 = (0.0015157, 0.0059921, -0.21836)
            point3f physics:localPos1 = (0, 0, 0)
            quatf physics:localRot0 = (0, -1, 0, 0)
            quatf physics:localRot1 = (0, -1, 0, 0)
            float physics:lowerLimit = -85.94367
            float physics:upperLimit = 0
            custom float urdf:limit:effort = 45
        }

        def PhysicsRevoluteJoint "right_ankle_pitch_joint" (
            prepend apiSchemas = ["NewtonJointAPI", "PhysicsDriveAPI:angular", "PhysicsJointStateAPI:angular"]
        )
        {
            float drive:angular:physics:damping = 0.20943952
            float drive:angular:physics:maxForce = 40
            float drive:angular:physics:stiffness = 2.0943952
            uniform token drive:angular:physics:type = "force"
            float newton:velocityLimit = 533.99664
            uniform token physics:axis = "Y"
            custom rel physics:body0
            append rel physics:body0 = </asimov_1_orcahand_v1_right_spike/Geometry/pelvis_link/right_hip_pitch_link/right_hip_roll_link/right_hip_yaw_link/right_knee_link>
            custom rel physics:body1
            append rel physics:body1 = </asimov_1_orcahand_v1_right_spike/Geometry/pelvis_link/right_hip_pitch_link/right_hip_roll_link/right_hip_yaw_link/right_knee_link/right_ankle_pitch_link>
            point3f physics:localPos0 = (-0.0015157, 0.00053505, -0.27234)
            point3f physics:localPos1 = (0, 0, 0)
            quatf physics:localRot0 = (0, -1, 0, 0)
            quatf physics:localRot1 = (0, -1, 0, 0)
            float physics:lowerLimit = -20.053522
            float physics:upperLimit = 20.053522
            custom float urdf:limit:effort = 40
        }

        def PhysicsRevoluteJoint "right_ankle_roll_joint" (
            prepend apiSchemas = ["NewtonJointAPI", "PhysicsDriveAPI:angular", "PhysicsJointStateAPI:angular"]
        )
        {
            float drive:angular:physics:damping = 0.20943952
            float drive:angular:physics:maxForce = 17
            float drive:angular:physics:stiffness = 2.0943952
            uniform token drive:angular:physics:type = "force"
            float newton:velocityLimit = 533.99664
            uniform token physics:axis = "X"
            custom rel physics:body0
            append rel physics:body0 = </asimov_1_orcahand_v1_right_spike/Geometry/pelvis_link/right_hip_pitch_link/right_hip_roll_link/right_hip_yaw_link/right_knee_link/right_ankle_pitch_link>
            custom rel physics:body1
            append rel physics:body1 = </asimov_1_orcahand_v1_right_spike/Geometry/pelvis_link/right_hip_pitch_link/right_hip_roll_link/right_hip_yaw_link/right_knee_link/right_ankle_pitch_link/right_ankle_roll_link>
            point3f physics:localPos0 = (-0.0015, 0, -0.01)
            point3f physics:localPos1 = (0, 0, 0)
            quatf physics:localRot0 = (0, 0, -1, 0)
            quatf physics:localRot1 = (0, 0, -1, 0)
            float physics:lowerLimit = -5.729578
            float physics:upperLimit = 5.729578
            custom float urdf:limit:effort = 17
        }

        def PhysicsRevoluteJoint "waist_yaw_joint" (
            prepend apiSchemas = ["NewtonJointAPI", "PhysicsDriveAPI:angular", "PhysicsJointStateAPI:angular"]
        )
        {
            float drive:angular:physics:damping = 0.20943952
            float drive:angular:physics:maxForce = 40
            float drive:angular:physics:stiffness = 2.0943952
            uniform token drive:angular:physics:type = "force"
            float newton:velocityLimit = 720.20795
            uniform token physics:axis = "Z"
            custom rel physics:body0
            append rel physics:body0 = </asimov_1_orcahand_v1_right_spike/Geometry/pelvis_link>
            custom rel physics:body1
            append rel physics:body1 = </asimov_1_orcahand_v1_right_spike/Geometry/pelvis_link/waist_yaw_link>
            point3f physics:localPos0 = (-0.052, 0, 0.074755)
            point3f physics:localPos1 = (0, 0, 0)
            quatf physics:localRot0 = (1, 0, 0, 0)
            quatf physics:localRot1 = (1, 0, 0, 0)
            float physics:lowerLimit = -89.999985
            float physics:upperLimit = 89.999985
            custom float urdf:limit:effort = 40
        }

        def PhysicsRevoluteJoint "right_shoulder_pitch_joint" (
            prepend apiSchemas = ["NewtonJointAPI", "PhysicsDriveAPI:angular", "PhysicsJointStateAPI:angular"]
        )
        {
            float drive:angular:physics:damping = 0.20943952
            float drive:angular:physics:maxForce = 30
            float drive:angular:physics:stiffness = 2.0943952
            uniform token drive:angular:physics:type = "force"
            float newton:velocityLimit = 228.0372
            uniform token physics:axis = "Y"
            custom rel physics:body0
            append rel physics:body0 = </asimov_1_orcahand_v1_right_spike/Geometry/pelvis_link/waist_yaw_link>
            custom rel physics:body1
            append rel physics:body1 = </asimov_1_orcahand_v1_right_spike/Geometry/pelvis_link/waist_yaw_link/right_shoulder_pitch_link>
            point3f physics:localPos0 = (-0.026212825, -0.0965, 0.2611405)
            point3f physics:localPos1 = (0, 0, 0)
            quatf physics:localRot0 = (0, -1, 0, 0)
            quatf physics:localRot1 = (0, -1, 0, 0)
            float physics:lowerLimit = -50.000023
            float physics:upperLimit = 180.00002
            custom float urdf:limit:effort = 30
        }

        def PhysicsRevoluteJoint "right_shoulder_roll_joint" (
            prepend apiSchemas = ["NewtonJointAPI", "PhysicsDriveAPI:angular", "PhysicsJointStateAPI:angular"]
        )
        {
            float drive:angular:physics:damping = 0.20943952
            float drive:angular:physics:maxForce = 25
            float drive:angular:physics:stiffness = 2.0943952
            uniform token drive:angular:physics:type = "force"
            float newton:velocityLimit = 701.8733
            uniform token physics:axis = "X"
            custom rel physics:body0
            append rel physics:body0 = </asimov_1_orcahand_v1_right_spike/Geometry/pelvis_link/waist_yaw_link/right_shoulder_pitch_link>
            custom rel physics:body1
            append rel physics:body1 = </asimov_1_orcahand_v1_right_spike/Geometry/pelvis_link/waist_yaw_link/right_shoulder_pitch_link/right_shoulder_roll_link>
            point3f physics:localPos0 = (0, -0.06535322, -0.00006334135)
            point3f physics:localPos1 = (0, 0, 0)
            quatf physics:localRot0 = (0, 0, -1, 0)
            quatf physics:localRot1 = (0, 0, -1, 0)
            float physics:lowerLimit = 0
            float physics:upperLimit = 89.999985
            custom float urdf:limit:effort = 25
        }

        def PhysicsRevoluteJoint "right_shoulder_yaw_joint" (
            prepend apiSchemas = ["NewtonJointAPI", "PhysicsDriveAPI:angular", "PhysicsJointStateAPI:angular"]
        )
        {
            float drive:angular:physics:damping = 0.20943952
            float drive:angular:physics:maxForce = 20
            float drive:angular:physics:stiffness = 2.0943952
            uniform token drive:angular:physics:type = "force"
            float newton:velocityLimit = 312.262
            uniform token physics:axis = "Z"
            custom rel physics:body0
            append rel physics:body0 = </asimov_1_orcahand_v1_right_spike/Geometry/pelvis_link/waist_yaw_link/right_shoulder_pitch_link/right_shoulder_roll_link>
            custom rel physics:body1
            append rel physics:body1 = </asimov_1_orcahand_v1_right_spike/Geometry/pelvis_link/waist_yaw_link/right_shoulder_pitch_link/right_shoulder_roll_link/right_shoulder_yaw_link>
            point3f physics:localPos0 = (0, 0, -0.12899876)
            point3f physics:localPos1 = (0, 0, 0)
            quatf physics:localRot0 = (0, -1, 0, 0)
            quatf physics:localRot1 = (0, -1, 0, 0)
            float physics:lowerLimit = -89.999985
            float physics:upperLimit = 89.999985
            custom float urdf:limit:effort = 20
        }

        def PhysicsRevoluteJoint "right_elbow_joint" (
            prepend apiSchemas = ["NewtonJointAPI", "PhysicsDriveAPI:angular", "PhysicsJointStateAPI:angular"]
        )
        {
            float drive:angular:physics:damping = 0.20943952
            float drive:angular:physics:maxForce = 12
            float drive:angular:physics:stiffness = 2.0943952
            uniform token drive:angular:physics:type = "force"
            float newton:velocityLimit = 533.99664
            uniform token physics:axis = "Y"
            custom rel physics:body0
            append rel physics:body0 = </asimov_1_orcahand_v1_right_spike/Geometry/pelvis_link/waist_yaw_link/right_shoulder_pitch_link/right_shoulder_roll_link/right_shoulder_yaw_link>
            custom rel physics:body1
            append rel physics:body1 = </asimov_1_orcahand_v1_right_spike/Geometry/pelvis_link/waist_yaw_link/right_shoulder_pitch_link/right_shoulder_roll_link/right_shoulder_yaw_link/right_elbow_link>
            point3f physics:localPos0 = (0, 0, -0.0966013)
            point3f physics:localPos1 = (0, 0, 0)
            quatf physics:localRot0 = (0.92387956, 0, 0.38268337, 0)
            quatf physics:localRot1 = (1, 0, 0, 0)
            float physics:lowerLimit = -140
            float physics:upperLimit = 0
            custom float urdf:limit:effort = 12
        }

        def PhysicsRevoluteJoint "right_wrist_yaw_joint" (
            prepend apiSchemas = ["NewtonJointAPI", "PhysicsDriveAPI:angular", "PhysicsJointStateAPI:angular"]
        )
        {
            float drive:angular:physics:damping = 0.20943952
            float drive:angular:physics:maxForce = 12
            float drive:angular:physics:stiffness = 2.0943952
            uniform token drive:angular:physics:type = "force"
            float newton:velocityLimit = 533.99664
            uniform token physics:axis = "X"
            custom rel physics:body0
            append rel physics:body0 = </asimov_1_orcahand_v1_right_spike/Geometry/pelvis_link/waist_yaw_link/right_shoulder_pitch_link/right_shoulder_roll_link/right_shoulder_yaw_link/right_elbow_link>
            custom rel physics:body1
            append rel physics:body1 = </asimov_1_orcahand_v1_right_spike/Geometry/pelvis_link/waist_yaw_link/right_shoulder_pitch_link/right_shoulder_roll_link/right_shoulder_yaw_link/right_elbow_link/right_wrist_yaw_link>
            point3f physics:localPos0 = (0.08656302, 0, -0.072635)
            point3f physics:localPos1 = (0, 0, 0)
            quatf physics:localRot0 = (0.9396926, 0, 0.34202015, 0)
            quatf physics:localRot1 = (0.9396926, 0, 0.34202015, 0)
            float physics:lowerLimit = -180.00002
            float physics:upperLimit = 180.00002
            custom float urdf:limit:effort = 12
        }

        def PhysicsRevoluteJoint "left_shoulder_pitch_joint" (
            prepend apiSchemas = ["NewtonJointAPI", "PhysicsDriveAPI:angular", "PhysicsJointStateAPI:angular"]
        )
        {
            float drive:angular:physics:damping = 0.20943952
            float drive:angular:physics:maxForce = 30
            float drive:angular:physics:stiffness = 2.0943952
            uniform token drive:angular:physics:type = "force"
            float newton:velocityLimit = 228.0372
            uniform token physics:axis = "Y"
            custom rel physics:body0
            append rel physics:body0 = </asimov_1_orcahand_v1_right_spike/Geometry/pelvis_link/waist_yaw_link>
            custom rel physics:body1
            append rel physics:body1 = </asimov_1_orcahand_v1_right_spike/Geometry/pelvis_link/waist_yaw_link/left_shoulder_pitch_link>
            point3f physics:localPos0 = (-0.026212825, 0.0965, 0.2611405)
            point3f physics:localPos1 = (0, 0, 0)
            quatf physics:localRot0 = (1, 0, 0, 0)
            quatf physics:localRot1 = (1, 0, 0, 0)
            float physics:lowerLimit = -180.00002
            float physics:upperLimit = 50.000023
            custom float urdf:limit:effort = 30
        }

        def PhysicsRevoluteJoint "left_shoulder_roll_joint" (
            prepend apiSchemas = ["NewtonJointAPI", "PhysicsDriveAPI:angular", "PhysicsJointStateAPI:angular"]
        )
        {
            float drive:angular:physics:damping = 0.20943952
            float drive:angular:physics:maxForce = 25
            float drive:angular:physics:stiffness = 2.0943952
            uniform token drive:angular:physics:type = "force"
            float newton:velocityLimit = 701.8733
            uniform token physics:axis = "X"
            custom rel physics:body0
            append rel physics:body0 = </asimov_1_orcahand_v1_right_spike/Geometry/pelvis_link/waist_yaw_link/left_shoulder_pitch_link>
            custom rel physics:body1
            append rel physics:body1 = </asimov_1_orcahand_v1_right_spike/Geometry/pelvis_link/waist_yaw_link/left_shoulder_pitch_link/left_shoulder_roll_link>
            point3f physics:localPos0 = (0.0001, 0.06535322, 0)
            point3f physics:localPos1 = (0, 0, 0)
            quatf physics:localRot0 = (0, 0, -1, 0)
            quatf physics:localRot1 = (0, 0, -1, 0)
            float physics:lowerLimit = -89.999985
            float physics:upperLimit = 0
            custom float urdf:limit:effort = 25
        }

        def PhysicsRevoluteJoint "left_shoulder_yaw_joint" (
            prepend apiSchemas = ["NewtonJointAPI", "PhysicsDriveAPI:angular", "PhysicsJointStateAPI:angular"]
        )
        {
            float drive:angular:physics:damping = 0.20943952
            float drive:angular:physics:maxForce = 20
            float drive:angular:physics:stiffness = 2.0943952
            uniform token drive:angular:physics:type = "force"
            float newton:velocityLimit = 312.262
            uniform token physics:axis = "Z"
            custom rel physics:body0
            append rel physics:body0 = </asimov_1_orcahand_v1_right_spike/Geometry/pelvis_link/waist_yaw_link/left_shoulder_pitch_link/left_shoulder_roll_link>
            custom rel physics:body1
            append rel physics:body1 = </asimov_1_orcahand_v1_right_spike/Geometry/pelvis_link/waist_yaw_link/left_shoulder_pitch_link/left_shoulder_roll_link/left_shoulder_yaw_link>
            point3f physics:localPos0 = (0, 0, -0.12899876)
            point3f physics:localPos1 = (0, 0, 0)
            quatf physics:localRot0 = (0, -1, 0, 0)
            quatf physics:localRot1 = (0, -1, 0, 0)
            float physics:lowerLimit = -89.999985
            float physics:upperLimit = 89.999985
            custom float urdf:limit:effort = 20
        }

        def PhysicsRevoluteJoint "left_elbow_joint" (
            prepend apiSchemas = ["NewtonJointAPI", "PhysicsDriveAPI:angular", "PhysicsJointStateAPI:angular"]
        )
        {
            float drive:angular:physics:damping = 0.20943952
            float drive:angular:physics:maxForce = 12
            float drive:angular:physics:stiffness = 2.0943952
            uniform token drive:angular:physics:type = "force"
            float newton:velocityLimit = 533.99664
            uniform token physics:axis = "Y"
            custom rel physics:body0
            append rel physics:body0 = </asimov_1_orcahand_v1_right_spike/Geometry/pelvis_link/waist_yaw_link/left_shoulder_pitch_link/left_shoulder_roll_link/left_shoulder_yaw_link>
            custom rel physics:body1
            append rel physics:body1 = </asimov_1_orcahand_v1_right_spike/Geometry/pelvis_link/waist_yaw_link/left_shoulder_pitch_link/left_shoulder_roll_link/left_shoulder_yaw_link/left_elbow_link>
            point3f physics:localPos0 = (0, 0, -0.0963013)
            point3f physics:localPos1 = (0, 0, 0)
            quatf physics:localRot0 = (0, -0.92387956, 0, 0.38268337)
            quatf physics:localRot1 = (0, -1, 0, 0)
            float physics:lowerLimit = 0
            float physics:upperLimit = 140
            custom float urdf:limit:effort = 12
        }

        def PhysicsRevoluteJoint "left_wrist_yaw_joint" (
            prepend apiSchemas = ["NewtonJointAPI", "PhysicsDriveAPI:angular", "PhysicsJointStateAPI:angular"]
        )
        {
            float drive:angular:physics:damping = 0.20943952
            float drive:angular:physics:maxForce = 12
            float drive:angular:physics:stiffness = 2.0943952
            uniform token drive:angular:physics:type = "force"
            float newton:velocityLimit = 533.99664
            uniform token physics:axis = "X"
            custom rel physics:body0
            append rel physics:body0 = </asimov_1_orcahand_v1_right_spike/Geometry/pelvis_link/waist_yaw_link/left_shoulder_pitch_link/left_shoulder_roll_link/left_shoulder_yaw_link/left_elbow_link>
            custom rel physics:body1
            append rel physics:body1 = </asimov_1_orcahand_v1_right_spike/Geometry/pelvis_link/waist_yaw_link/left_shoulder_pitch_link/left_shoulder_roll_link/left_shoulder_yaw_link/left_elbow_link/left_wrist_yaw_link>
            point3f physics:localPos0 = (0.08656302, 0, -0.072635)
            point3f physics:localPos1 = (0, 0, 0)
            quatf physics:localRot0 = (0.9396926, 0, 0.34202015, 0)
            quatf physics:localRot1 = (0.9396926, 0, 0.34202015, 0)
            float physics:lowerLimit = -180.00002
            float physics:upperLimit = 180.00002
            custom float urdf:limit:effort = 12
        }

        def PhysicsRevoluteJoint "right_wrist" (
            prepend apiSchemas = ["NewtonJointAPI", "PhysicsDriveAPI:angular", "PhysicsJointStateAPI:angular"]
        )
        {
            float drive:angular:physics:damping = 0.20943952
            float drive:angular:physics:maxForce = 100
            float drive:angular:physics:stiffness = 2.0943952
            uniform token drive:angular:physics:type = "force"
            float newton:velocityLimit = 5729.578
            uniform token physics:axis = "X"
            custom rel physics:body0
            append rel physics:body0 = </asimov_1_orcahand_v1_right_spike/Geometry/pelvis_link/waist_yaw_link/right_shoulder_pitch_link/right_shoulder_roll_link/right_shoulder_yaw_link/right_elbow_link/right_wrist_yaw_link/right_tower>
            custom rel physics:body1
            append rel physics:body1 = </asimov_1_orcahand_v1_right_spike/Geometry/pelvis_link/waist_yaw_link/right_shoulder_pitch_link/right_shoulder_roll_link/right_shoulder_yaw_link/right_elbow_link/right_wrist_yaw_link/right_tower/right_wrist_jointbody>
            point3f physics:localPos0 = (0.04063, 2.7755576e-17, 0.10487)
            point3f physics:localPos1 = (0, 0, 0)
            quatf physics:localRot0 = (1, 0, 0, 0)
            quatf physics:localRot1 = (1, 0, 0, 0)
            float physics:lowerLimit = -38.594437
            float physics:upperLimit = 51.405773
            custom float urdf:limit:effort = 100
        }

        def PhysicsRevoluteJoint "right_thumb_mcp" (
            prepend apiSchemas = ["NewtonJointAPI", "PhysicsDriveAPI:angular", "PhysicsJointStateAPI:angular"]
        )
        {
            float drive:angular:physics:damping = 0.20943952
            float drive:angular:physics:maxForce = 100
            float drive:angular:physics:stiffness = 2.0943952
            uniform token drive:angular:physics:type = "force"
            float newton:velocityLimit = 5729.578
            uniform token physics:axis = "Z"
            custom rel physics:body0
            append rel physics:body0 = </asimov_1_orcahand_v1_right_spike/Geometry/pelvis_link/waist_yaw_link/right_shoulder_pitch_link/right_shoulder_roll_link/right_shoulder_yaw_link/right_elbow_link/right_wrist_yaw_link/right_tower/right_wrist_jointbody/right_palm>
            custom rel physics:body1
            append rel physics:body1 = </asimov_1_orcahand_v1_right_spike/Geometry/pelvis_link/waist_yaw_link/right_shoulder_pitch_link/right_shoulder_roll_link/right_shoulder_yaw_link/right_elbow_link/right_wrist_yaw_link/right_tower/right_wrist_jointbody/right_palm/right_thumb_mcp_jointbody>
            point3f physics:localPos0 = (-0.02821, 0.01777, -0.01321)
            point3f physics:localPos1 = (0, 0, 0)
            quatf physics:localRot0 = (0.19806309, -0.7800356, 0.5657688, -0.17950249)
            quatf physics:localRot1 = (0, -1, 0, 0)
            float physics:lowerLimit = -49.999737
            float physics:upperLimit = 49.999737
            custom float urdf:limit:effort = 100
        }

        def PhysicsRevoluteJoint "right_thumb_abd" (
            prepend apiSchemas = ["NewtonJointAPI", "PhysicsDriveAPI:angular", "PhysicsJointStateAPI:angular"]
        )
        {
            float drive:angular:physics:damping = 0.20943952
            float drive:angular:physics:maxForce = 100
            float drive:angular:physics:stiffness = 2.0943952
            uniform token drive:angular:physics:type = "force"
            float newton:velocityLimit = 5729.578
            uniform token physics:axis = "X"
            custom rel physics:body0
            append rel physics:body0 = </asimov_1_orcahand_v1_right_spike/Geometry/pelvis_link/waist_yaw_link/right_shoulder_pitch_link/right_shoulder_roll_link/right_shoulder_yaw_link/right_elbow_link/right_wrist_yaw_link/right_tower/right_wrist_jointbody/right_palm/right_thumb_mcp_jointbody/right_thumb_mp>
            custom rel physics:body1
            append rel physics:body1 = </asimov_1_orcahand_v1_right_spike/Geometry/pelvis_link/waist_yaw_link/right_shoulder_pitch_link/right_shoulder_roll_link/right_shoulder_yaw_link/right_elbow_link/right_wrist_yaw_link/right_tower/right_wrist_jointbody/right_palm/right_thumb_mcp_jointbody/right_thumb_mp/right_thumb_abd_jointbody>
            point3f physics:localPos0 = (2.7755576e-17, 0, 2.7755576e-17)
            point3f physics:localPos1 = (0, 0, 0)
            quatf physics:localRot0 = (0.57922804, -0.40557966, -0.40557948, 0.5792282)
            quatf physics:localRot1 = (0.70710677, 0, -0.66446286, 0.24184528)
            float physics:lowerLimit = -62.000336
            float physics:upperLimit = 0
            custom float urdf:limit:effort = 100
        }

        def PhysicsRevoluteJoint "right_thumb_pip" (
            prepend apiSchemas = ["NewtonJointAPI", "PhysicsDriveAPI:angular", "PhysicsJointStateAPI:angular"]
        )
        {
            float drive:angular:physics:damping = 0.20943952
            float drive:angular:physics:maxForce = 100
            float drive:angular:physics:stiffness = 2.0943952
            uniform token drive:angular:physics:type = "force"
            float newton:velocityLimit = 5729.578
            uniform token physics:axis = "Y"
            custom rel physics:body0
            append rel physics:body0 = </asimov_1_orcahand_v1_right_spike/Geometry/pelvis_link/waist_yaw_link/right_shoulder_pitch_link/right_shoulder_roll_link/right_shoulder_yaw_link/right_elbow_link/right_wrist_yaw_link/right_tower/right_wrist_jointbody/right_palm/right_thumb_mcp_jointbody/right_thumb_mp/right_thumb_abd_jointbody/right_thumb_pp>
            custom rel physics:body1
            append rel physics:body1 = </asimov_1_orcahand_v1_right_spike/Geometry/pelvis_link/waist_yaw_link/right_shoulder_pitch_link/right_shoulder_roll_link/right_shoulder_yaw_link/right_elbow_link/right_wrist_yaw_link/right_tower/right_wrist_jointbody/right_palm/right_thumb_mcp_jointbody/right_thumb_mp/right_thumb_abd_jointbody/right_thumb_pp/right_thumb_pip_jointbody>
            point3f physics:localPos0 = (0, 0, 0)
            point3f physics:localPos1 = (0, 0, 0)
            quatf physics:localRot0 = (-0.70710546, 9.38184e-7, -0.7071081, -9.381874e-7)
            quatf physics:localRot1 = (0, -1, 0, 0)
            float physics:lowerLimit = -45.515766
            float physics:upperLimit = 70.47381
            custom float urdf:limit:effort = 100
        }

        def PhysicsRevoluteJoint "right_thumb_dip" (
            prepend apiSchemas = ["NewtonJointAPI", "PhysicsDriveAPI:angular", "PhysicsJointStateAPI:angular"]
        )
        {
            float drive:angular:physics:damping = 0.20943952
            float drive:angular:physics:maxForce = 100
            float drive:angular:physics:stiffness = 2.0943952
            uniform token drive:angular:physics:type = "force"
            float newton:velocityLimit = 5729.578
            uniform token physics:axis = "Y"
            custom rel physics:body0
            append rel physics:body0 = </asimov_1_orcahand_v1_right_spike/Geometry/pelvis_link/waist_yaw_link/right_shoulder_pitch_link/right_shoulder_roll_link/right_shoulder_yaw_link/right_elbow_link/right_wrist_yaw_link/right_tower/right_wrist_jointbody/right_palm/right_thumb_mcp_jointbody/right_thumb_mp/right_thumb_abd_jointbody/right_thumb_pp/right_thumb_pip_jointbody/right_thumb_ip>
            custom rel physics:body1
            append rel physics:body1 = </asimov_1_orcahand_v1_right_spike/Geometry/pelvis_link/waist_yaw_link/right_shoulder_pitch_link/right_shoulder_roll_link/right_shoulder_yaw_link/right_elbow_link/right_wrist_yaw_link/right_tower/right_wrist_jointbody/right_palm/right_thumb_mcp_jointbody/right_thumb_mp/right_thumb_abd_jointbody/right_thumb_pp/right_thumb_pip_jointbody/right_thumb_ip/right_thumb_dip_jointbody>
            point3f physics:localPos0 = (0.0005, -1.3877788e-17, 0.033)
            point3f physics:localPos1 = (0, 0, 0)
            quatf physics:localRot0 = (0, -1, 0, 0)
            quatf physics:localRot1 = (0, -1, 0, 0)
            float physics:lowerLimit = -48.92143
            float physics:upperLimit = 83.07888
            custom float urdf:limit:effort = 100
        }

        def PhysicsRevoluteJoint "right_index_abd" (
            prepend apiSchemas = ["NewtonJointAPI", "PhysicsDriveAPI:angular", "PhysicsJointStateAPI:angular"]
        )
        {
            float drive:angular:physics:damping = 0.20943952
            float drive:angular:physics:maxForce = 100
            float drive:angular:physics:stiffness = 2.0943952
            uniform token drive:angular:physics:type = "force"
            float newton:velocityLimit = 5729.578
            uniform token physics:axis = "Z"
            custom rel physics:body0
            append rel physics:body0 = </asimov_1_orcahand_v1_right_spike/Geometry/pelvis_link/waist_yaw_link/right_shoulder_pitch_link/right_shoulder_roll_link/right_shoulder_yaw_link/right_elbow_link/right_wrist_yaw_link/right_tower/right_wrist_jointbody/right_palm>
            custom rel physics:body1
            append rel physics:body1 = </asimov_1_orcahand_v1_right_spike/Geometry/pelvis_link/waist_yaw_link/right_shoulder_pitch_link/right_shoulder_roll_link/right_shoulder_yaw_link/right_elbow_link/right_wrist_yaw_link/right_tower/right_wrist_jointbody/right_palm/right_index_abd_jointbody>
            point3f physics:localPos0 = (-0.024088796, 0.0018999643, 0.025164928)
            point3f physics:localPos1 = (0, 0, 0)
            quatf physics:localRot0 = (-0.61652213, 0.57483083, -0.40249413, -0.35702717)
            quatf physics:localRot1 = (0, -1, 0, 0)
            float physics:lowerLimit = -59.91821
            float physics:upperLimit = 14.081584
            custom float urdf:limit:effort = 100
        }

        def PhysicsRevoluteJoint "right_index_mcp" (
            prepend apiSchemas = ["NewtonJointAPI", "PhysicsDriveAPI:angular", "PhysicsJointStateAPI:angular"]
        )
        {
            float drive:angular:physics:damping = 0.20943952
            float drive:angular:physics:maxForce = 100
            float drive:angular:physics:stiffness = 2.0943952
            uniform token drive:angular:physics:type = "force"
            float newton:velocityLimit = 5729.578
            uniform token physics:axis = "Y"
            custom rel physics:body0
            append rel physics:body0 = </asimov_1_orcahand_v1_right_spike/Geometry/pelvis_link/waist_yaw_link/right_shoulder_pitch_link/right_shoulder_roll_link/right_shoulder_yaw_link/right_elbow_link/right_wrist_yaw_link/right_tower/right_wrist_jointbody/right_palm/right_index_abd_jointbody/right_index_mp>
            custom rel physics:body1
            append rel physics:body1 = </asimov_1_orcahand_v1_right_spike/Geometry/pelvis_link/waist_yaw_link/right_shoulder_pitch_link/right_shoulder_roll_link/right_shoulder_yaw_link/right_elbow_link/right_wrist_yaw_link/right_tower/right_wrist_jointbody/right_palm/right_index_abd_jointbody/right_index_mp/right_index_mcp_jointbody>
            point3f physics:localPos0 = (0, 0, 2.7755576e-17)
            point3f physics:localPos1 = (0, 0, 0)
            quatf physics:localRot0 = (-2.7755576e-17, -0.70710546, 1.110223e-16, -0.7071081)
            quatf physics:localRot1 = (0, -1, 0, 0)
            float physics:lowerLimit = -20.000238
            float physics:upperLimit = 94.99984
            custom float urdf:limit:effort = 100
        }

        def PhysicsRevoluteJoint "right_index_pip" (
            prepend apiSchemas = ["NewtonJointAPI", "PhysicsDriveAPI:angular", "PhysicsJointStateAPI:angular"]
        )
        {
            float drive:angular:physics:damping = 0.20943952
            float drive:angular:physics:maxForce = 100
            float drive:angular:physics:stiffness = 2.0943952
            uniform token drive:angular:physics:type = "force"
            float newton:velocityLimit = 5729.578
            uniform token physics:axis = "Y"
            custom rel physics:body0
            append rel physics:body0 = </asimov_1_orcahand_v1_right_spike/Geometry/pelvis_link/waist_yaw_link/right_shoulder_pitch_link/right_shoulder_roll_link/right_shoulder_yaw_link/right_elbow_link/right_wrist_yaw_link/right_tower/right_wrist_jointbody/right_palm/right_index_abd_jointbody/right_index_mp/right_index_mcp_jointbody/right_index_pp>
            custom rel physics:body1
            append rel physics:body1 = </asimov_1_orcahand_v1_right_spike/Geometry/pelvis_link/waist_yaw_link/right_shoulder_pitch_link/right_shoulder_roll_link/right_shoulder_yaw_link/right_elbow_link/right_wrist_yaw_link/right_tower/right_wrist_jointbody/right_palm/right_index_abd_jointbody/right_index_mp/right_index_mcp_jointbody/right_index_pp/right_index_pip_jointbody>
            point3f physics:localPos0 = (0.0005, -2.7755576e-17, 0.038)
            point3f physics:localPos1 = (0, 0, 0)
            quatf physics:localRot0 = (2.7755576e-17, -1, 0, 0)
            quatf physics:localRot1 = (0, -1, 0, 0)
            float physics:lowerLimit = -20.000238
            float physics:upperLimit = 108.00025
            custom float urdf:limit:effort = 100
        }

        def PhysicsRevoluteJoint "right_middle_abd" (
            prepend apiSchemas = ["NewtonJointAPI", "PhysicsDriveAPI:angular", "PhysicsJointStateAPI:angular"]
        )
        {
            float drive:angular:physics:damping = 0.20943952
            float drive:angular:physics:maxForce = 100
            float drive:angular:physics:stiffness = 2.0943952
            uniform token drive:angular:physics:type = "force"
            float newton:velocityLimit = 5729.578
            uniform token physics:axis = "Z"
            custom rel physics:body0
            append rel physics:body0 = </asimov_1_orcahand_v1_right_spike/Geometry/pelvis_link/waist_yaw_link/right_shoulder_pitch_link/right_shoulder_roll_link/right_shoulder_yaw_link/right_elbow_link/right_wrist_yaw_link/right_tower/right_wrist_jointbody/right_palm>
            custom rel physics:body1
            append rel physics:body1 = </asimov_1_orcahand_v1_right_spike/Geometry/pelvis_link/waist_yaw_link/right_shoulder_pitch_link/right_shoulder_roll_link/right_shoulder_yaw_link/right_elbow_link/right_wrist_yaw_link/right_tower/right_wrist_jointbody/right_palm/right_middle_abd_jointbody>
            point3f physics:localPos0 = (-7.34641e-8, 5.551115e-17, 0.03)
            point3f physics:localPos1 = (0, 0, 0)
            quatf physics:localRot0 = (-0.5, 0.49999815, -0.50000185, -0.5)
            quatf physics:localRot1 = (0, -1, 0, 0)
            float physics:lowerLimit = -36.999897
            float physics:upperLimit = 36.999897
            custom float urdf:limit:effort = 100
        }

        def PhysicsRevoluteJoint "right_middle_mcp" (
            prepend apiSchemas = ["NewtonJointAPI", "PhysicsDriveAPI:angular", "PhysicsJointStateAPI:angular"]
        )
        {
            float drive:angular:physics:damping = 0.20943952
            float drive:angular:physics:maxForce = 100
            float drive:angular:physics:stiffness = 2.0943952
            uniform token drive:angular:physics:type = "force"
            float newton:velocityLimit = 5729.578
            uniform token physics:axis = "Y"
            custom rel physics:body0
            append rel physics:body0 = </asimov_1_orcahand_v1_right_spike/Geometry/pelvis_link/waist_yaw_link/right_shoulder_pitch_link/right_shoulder_roll_link/right_shoulder_yaw_link/right_elbow_link/right_wrist_yaw_link/right_tower/right_wrist_jointbody/right_palm/right_middle_abd_jointbody/right_middle_mp>
            custom rel physics:body1
            append rel physics:body1 = </asimov_1_orcahand_v1_right_spike/Geometry/pelvis_link/waist_yaw_link/right_shoulder_pitch_link/right_shoulder_roll_link/right_shoulder_yaw_link/right_elbow_link/right_wrist_yaw_link/right_tower/right_wrist_jointbody/right_palm/right_middle_abd_jointbody/right_middle_mp/right_middle_mcp_jointbody>
            point3f physics:localPos0 = (0, -1.3877788e-17, 0)
            point3f physics:localPos1 = (0, 0, 0)
            quatf physics:localRot0 = (5.551115e-17, -0.70710546, 0, -0.7071081)
            quatf physics:localRot1 = (0, -1, 0, 0)
            float physics:lowerLimit = -20.000238
            float physics:upperLimit = 91.00002
            custom float urdf:limit:effort = 100
        }

        def PhysicsRevoluteJoint "right_middle_pip" (
            prepend apiSchemas = ["NewtonJointAPI", "PhysicsDriveAPI:angular", "PhysicsJointStateAPI:angular"]
        )
        {
            float drive:angular:physics:damping = 0.20943952
            float drive:angular:physics:maxForce = 100
            float drive:angular:physics:stiffness = 2.0943952
            uniform token drive:angular:physics:type = "force"
            float newton:velocityLimit = 5729.578
            uniform token physics:axis = "Y"
            custom rel physics:body0
            append rel physics:body0 = </asimov_1_orcahand_v1_right_spike/Geometry/pelvis_link/waist_yaw_link/right_shoulder_pitch_link/right_shoulder_roll_link/right_shoulder_yaw_link/right_elbow_link/right_wrist_yaw_link/right_tower/right_wrist_jointbody/right_palm/right_middle_abd_jointbody/right_middle_mp/right_middle_mcp_jointbody/right_middle_pp>
            custom rel physics:body1
            append rel physics:body1 = </asimov_1_orcahand_v1_right_spike/Geometry/pelvis_link/waist_yaw_link/right_shoulder_pitch_link/right_shoulder_roll_link/right_shoulder_yaw_link/right_elbow_link/right_wrist_yaw_link/right_tower/right_wrist_jointbody/right_palm/right_middle_abd_jointbody/right_middle_mp/right_middle_mcp_jointbody/right_middle_pp/right_middle_pip_jointbody>
            point3f physics:localPos0 = (0.0005, 0, 0.046)
            point3f physics:localPos1 = (0, 0, 0)
            quatf physics:localRot0 = (0, -1, 0, 0)
            quatf physics:localRot1 = (0, -1, 0, 0)
            float physics:lowerLimit = -20.000238
            float physics:upperLimit = 106.99987
            custom float urdf:limit:effort = 100
        }

        def PhysicsRevoluteJoint "right_ring_abd" (
            prepend apiSchemas = ["NewtonJointAPI", "PhysicsDriveAPI:angular", "PhysicsJointStateAPI:angular"]
        )
        {
            float drive:angular:physics:damping = 0.20943952
            float drive:angular:physics:maxForce = 100
            float drive:angular:physics:stiffness = 2.0943952
            uniform token drive:angular:physics:type = "force"
            float newton:velocityLimit = 5729.578
            uniform token physics:axis = "Z"
            custom rel physics:body0
            append rel physics:body0 = </asimov_1_orcahand_v1_right_spike/Geometry/pelvis_link/waist_yaw_link/right_shoulder_pitch_link/right_shoulder_roll_link/right_shoulder_yaw_link/right_elbow_link/right_wrist_yaw_link/right_tower/right_wrist_jointbody/right_palm>
            custom rel physics:body1
            append rel physics:body1 = </asimov_1_orcahand_v1_right_spike/Geometry/pelvis_link/waist_yaw_link/right_shoulder_pitch_link/right_shoulder_roll_link/right_shoulder_yaw_link/right_elbow_link/right_wrist_yaw_link/right_tower/right_wrist_jointbody/right_palm/right_ring_abd_jointbody>
            point3f physics:localPos0 = (0.021521023, 0.0015382095, 0.020824784)
            point3f physics:localPos1 = (0, 0, 0)
            quatf physics:localRot0 = (-0.41326892, 0.4471961, -0.5518445, -0.5698176)
            quatf physics:localRot1 = (0, -1, 0, 0)
            float physics:lowerLimit = -27.259613
            float physics:upperLimit = 46.16722
            custom float urdf:limit:effort = 100
        }

        def PhysicsRevoluteJoint "right_ring_mcp" (
            prepend apiSchemas = ["NewtonJointAPI", "PhysicsDriveAPI:angular", "PhysicsJointStateAPI:angular"]
        )
        {
            float drive:angular:physics:damping = 0.20943952
            float drive:angular:physics:maxForce = 100
            float drive:angular:physics:stiffness = 2.0943952
            uniform token drive:angular:physics:type = "force"
            float newton:velocityLimit = 5729.578
            uniform token physics:axis = "Y"
            custom rel physics:body0
            append rel physics:body0 = </asimov_1_orcahand_v1_right_spike/Geometry/pelvis_link/waist_yaw_link/right_shoulder_pitch_link/right_shoulder_roll_link/right_shoulder_yaw_link/right_elbow_link/right_wrist_yaw_link/right_tower/right_wrist_jointbody/right_palm/right_ring_abd_jointbody/right_ring_mp>
            custom rel physics:body1
            append rel physics:body1 = </asimov_1_orcahand_v1_right_spike/Geometry/pelvis_link/waist_yaw_link/right_shoulder_pitch_link/right_shoulder_roll_link/right_shoulder_yaw_link/right_elbow_link/right_wrist_yaw_link/right_tower/right_wrist_jointbody/right_palm/right_ring_abd_jointbody/right_ring_mp/right_ring_mcp_jointbody>
            point3f physics:localPos0 = (0, 1.3877788e-17, -2.7755576e-17)
            point3f physics:localPos1 = (0, 0, 0)
            quatf physics:localRot0 = (2.220446e-16, 0.70710546, -1.6653345e-16, 0.7071081)
            quatf physics:localRot1 = (0, -1, 0, 0)
            float physics:lowerLimit = -20.000238
            float physics:upperLimit = 91.00002
            custom float urdf:limit:effort = 100
        }

        def PhysicsRevoluteJoint "right_ring_pip" (
            prepend apiSchemas = ["NewtonJointAPI", "PhysicsDriveAPI:angular", "PhysicsJointStateAPI:angular"]
        )
        {
            float drive:angular:physics:damping = 0.20943952
            float drive:angular:physics:maxForce = 100
            float drive:angular:physics:stiffness = 2.0943952
            uniform token drive:angular:physics:type = "force"
            float newton:velocityLimit = 5729.578
            uniform token physics:axis = "Y"
            custom rel physics:body0
            append rel physics:body0 = </asimov_1_orcahand_v1_right_spike/Geometry/pelvis_link/waist_yaw_link/right_shoulder_pitch_link/right_shoulder_roll_link/right_shoulder_yaw_link/right_elbow_link/right_wrist_yaw_link/right_tower/right_wrist_jointbody/right_palm/right_ring_abd_jointbody/right_ring_mp/right_ring_mcp_jointbody/right_ring_pp>
            custom rel physics:body1
            append rel physics:body1 = </asimov_1_orcahand_v1_right_spike/Geometry/pelvis_link/waist_yaw_link/right_shoulder_pitch_link/right_shoulder_roll_link/right_shoulder_yaw_link/right_elbow_link/right_wrist_yaw_link/right_tower/right_wrist_jointbody/right_palm/right_ring_abd_jointbody/right_ring_mp/right_ring_mcp_jointbody/right_ring_pp/right_ring_pip_jointbody>
            point3f physics:localPos0 = (0.0005, 6.938894e-18, 0.046)
            point3f physics:localPos1 = (0, 0, 0)
            quatf physics:localRot0 = (-6.938894e-18, -1, 0, 0)
            quatf physics:localRot1 = (0, -1, 0, 0)
            float physics:lowerLimit = -20.000238
            float physics:upperLimit = 106.99987
            custom float urdf:limit:effort = 100
        }

        def PhysicsRevoluteJoint "right_pinky_abd" (
            prepend apiSchemas = ["NewtonJointAPI", "PhysicsDriveAPI:angular", "PhysicsJointStateAPI:angular"]
        )
        {
            float drive:angular:physics:damping = 0.20943952
            float drive:angular:physics:maxForce = 100
            float drive:angular:physics:stiffness = 2.0943952
            uniform token drive:angular:physics:type = "force"
            float newton:velocityLimit = 5729.578
            uniform token physics:axis = "Z"
            custom rel physics:body0
            append rel physics:body0 = </asimov_1_orcahand_v1_right_spike/Geometry/pelvis_link/waist_yaw_link/right_shoulder_pitch_link/right_shoulder_roll_link/right_shoulder_yaw_link/right_elbow_link/right_wrist_yaw_link/right_tower/right_wrist_jointbody/right_palm>
            custom rel physics:body1
            append rel physics:body1 = </asimov_1_orcahand_v1_right_spike/Geometry/pelvis_link/waist_yaw_link/right_shoulder_pitch_link/right_shoulder_roll_link/right_shoulder_yaw_link/right_elbow_link/right_wrist_yaw_link/right_tower/right_wrist_jointbody/right_palm/right_pinky_abd_jointbody>
            point3f physics:localPos0 = (0.04258453, 0.004988143, 0.007243723)
            point3f physics:localPos1 = (0, 0, 0)
            quatf physics:localRot0 = (-0.22390597, 0.36739534, -0.62373906, -0.6525614)
            quatf physics:localRot1 = (0, -1, 0, 0)
            float physics:lowerLimit = -7.015295
            float physics:upperLimit = 66.9845
            custom float urdf:limit:effort = 100
        }

        def PhysicsRevoluteJoint "right_pinky_mcp" (
            prepend apiSchemas = ["NewtonJointAPI", "PhysicsDriveAPI:angular", "PhysicsJointStateAPI:angular"]
        )
        {
            float drive:angular:physics:damping = 0.20943952
            float drive:angular:physics:maxForce = 100
            float drive:angular:physics:stiffness = 2.0943952
            uniform token drive:angular:physics:type = "force"
            float newton:velocityLimit = 5729.578
            uniform token physics:axis = "Y"
            custom rel physics:body0
            append rel physics:body0 = </asimov_1_orcahand_v1_right_spike/Geometry/pelvis_link/waist_yaw_link/right_shoulder_pitch_link/right_shoulder_roll_link/right_shoulder_yaw_link/right_elbow_link/right_wrist_yaw_link/right_tower/right_wrist_jointbody/right_palm/right_pinky_abd_jointbody/right_pinky_mp>
            custom rel physics:body1
            append rel physics:body1 = </asimov_1_orcahand_v1_right_spike/Geometry/pelvis_link/waist_yaw_link/right_shoulder_pitch_link/right_shoulder_roll_link/right_shoulder_yaw_link/right_elbow_link/right_wrist_yaw_link/right_tower/right_wrist_jointbody/right_palm/right_pinky_abd_jointbody/right_pinky_mp/right_pinky_mcp_jointbody>
            point3f physics:localPos0 = (0, -6.938894e-18, -2.7755576e-17)
            point3f physics:localPos1 = (0, 0, 0)
            quatf physics:localRot0 = (1.110223e-16, 0.70710546, -3.330669e-16, 0.7071081)
            quatf physics:localRot1 = (0, -1, 0, 0)
            float physics:lowerLimit = -20.000238
            float physics:upperLimit = 97.99985
            custom float urdf:limit:effort = 100
        }

        def PhysicsRevoluteJoint "right_pinky_pip" (
            prepend apiSchemas = ["NewtonJointAPI", "PhysicsDriveAPI:angular", "PhysicsJointStateAPI:angular"]
        )
        {
            float drive:angular:physics:damping = 0.20943952
            float drive:angular:physics:maxForce = 100
            float drive:angular:physics:stiffness = 2.0943952
            uniform token drive:angular:physics:type = "force"
            float newton:velocityLimit = 5729.578
            uniform token physics:axis = "Y"
            custom rel physics:body0
            append rel physics:body0 = </asimov_1_orcahand_v1_right_spike/Geometry/pelvis_link/waist_yaw_link/right_shoulder_pitch_link/right_shoulder_roll_link/right_shoulder_yaw_link/right_elbow_link/right_wrist_yaw_link/right_tower/right_wrist_jointbody/right_palm/right_pinky_abd_jointbody/right_pinky_mp/right_pinky_mcp_jointbody/right_pinky_pp>
            custom rel physics:body1
            append rel physics:body1 = </asimov_1_orcahand_v1_right_spike/Geometry/pelvis_link/waist_yaw_link/right_shoulder_pitch_link/right_shoulder_roll_link/right_shoulder_yaw_link/right_elbow_link/right_wrist_yaw_link/right_tower/right_wrist_jointbody/right_palm/right_pinky_abd_jointbody/right_pinky_mp/right_pinky_mcp_jointbody/right_pinky_pp/right_pinky_pip_jointbody>
            point3f physics:localPos0 = (0.0005, -6.938894e-18, 0.033)
            point3f physics:localPos1 = (0, 0, 0)
            quatf physics:localRot0 = (1.3877788e-17, -1, 0, 0)
            quatf physics:localRot1 = (0, -1, 0, 0)
            float physics:lowerLimit = -20.000238
            float physics:upperLimit = 108.00025
            custom float urdf:limit:effort = 100
        }

        def PhysicsFixedJoint "root_joint"
        {
            custom rel physics:body0
            append rel physics:body0 = </asimov_1_orcahand_v1_right_spike>
            custom rel physics:body1
            append rel physics:body1 = </asimov_1_orcahand_v1_right_spike/Geometry/pelvis_link>
            point3f physics:localPos0 = (0, 0, 0)
            point3f physics:localPos1 = (0, 0, 0)
            quatf physics:localRot0 = (1, 0, 0, 0)
            quatf physics:localRot1 = (1, 0, 0, 0)
        }

        def PhysicsFixedJoint "neck_yaw_link_fixed"
        {
            custom rel physics:body0
            append rel physics:body0 = </asimov_1_orcahand_v1_right_spike/Geometry/pelvis_link/waist_yaw_link>
            custom rel physics:body1
            append rel physics:body1 = </asimov_1_orcahand_v1_right_spike/Geometry/pelvis_link/waist_yaw_link/neck_yaw_link>
            point3f physics:localPos0 = (-0.016598774, 0, 0.37816703)
            point3f physics:localPos1 = (0, 0, 0)
            quatf physics:localRot0 = (1, 0, 0, 0)
            quatf physics:localRot1 = (1, 0, 0, 0)
        }

        def PhysicsFixedJoint "neck_pitch_link_fixed"
        {
            custom rel physics:body0
            append rel physics:body0 = </asimov_1_orcahand_v1_right_spike/Geometry/pelvis_link/waist_yaw_link/neck_yaw_link>
            custom rel physics:body1
            append rel physics:body1 = </asimov_1_orcahand_v1_right_spike/Geometry/pelvis_link/waist_yaw_link/neck_yaw_link/neck_pitch_link>
            point3f physics:localPos0 = (0, 0, 0.03735)
            point3f physics:localPos1 = (0, 0, 0)
            quatf physics:localRot0 = (1, 0, 0, 0)
            quatf physics:localRot1 = (1, 0, 0, 0)
        }

        def PhysicsFixedJoint "asimov_to_orcahand_mount"
        {
            custom rel physics:body0
            append rel physics:body0 = </asimov_1_orcahand_v1_right_spike/Geometry/pelvis_link/waist_yaw_link/right_shoulder_pitch_link/right_shoulder_roll_link/right_shoulder_yaw_link/right_elbow_link/right_wrist_yaw_link>
            custom rel physics:body1
            append rel physics:body1 = </asimov_1_orcahand_v1_right_spike/Geometry/pelvis_link/waist_yaw_link/right_shoulder_pitch_link/right_shoulder_roll_link/right_shoulder_yaw_link/right_elbow_link/right_wrist_yaw_link/right_tower>
            point3f physics:localPos0 = (0.045962665, 0, -0.038567256)
            point3f physics:localPos1 = (0, 0, 0)
            quatf physics:localRot0 = (0.42261827, 0, 0.90630776, 0)
            quatf physics:localRot1 = (1, 0, 0, 0)
        }

        def PhysicsFixedJoint "right_wrist_offset"
        {
            custom rel physics:body0
            append rel physics:body0 = </asimov_1_orcahand_v1_right_spike/Geometry/pelvis_link/waist_yaw_link/right_shoulder_pitch_link/right_shoulder_roll_link/right_shoulder_yaw_link/right_elbow_link/right_wrist_yaw_link/right_tower/right_wrist_jointbody>
            custom rel physics:body1
            append rel physics:body1 = </asimov_1_orcahand_v1_right_spike/Geometry/pelvis_link/waist_yaw_link/right_shoulder_pitch_link/right_shoulder_roll_link/right_shoulder_yaw_link/right_elbow_link/right_wrist_yaw_link/right_tower/right_wrist_jointbody/right_palm>
            point3f physics:localPos0 = (-0.002, 0.00144, 0.03872)
            point3f physics:localPos1 = (0, 0, 0)
            quatf physics:localRot0 = (1, 0, 0, 0)
            quatf physics:localRot1 = (1, 0, 0, 0)
        }

        def PhysicsFixedJoint "right_thumb_mcp_offset"
        {
            custom rel physics:body0
            append rel physics:body0 = </asimov_1_orcahand_v1_right_spike/Geometry/pelvis_link/waist_yaw_link/right_shoulder_pitch_link/right_shoulder_roll_link/right_shoulder_yaw_link/right_elbow_link/right_wrist_yaw_link/right_tower/right_wrist_jointbody/right_palm/right_thumb_mcp_jointbody>
            custom rel physics:body1
            append rel physics:body1 = </asimov_1_orcahand_v1_right_spike/Geometry/pelvis_link/waist_yaw_link/right_shoulder_pitch_link/right_shoulder_roll_link/right_shoulder_yaw_link/right_elbow_link/right_wrist_yaw_link/right_tower/right_wrist_jointbody/right_palm/right_thumb_mcp_jointbody/right_thumb_mp>
            point3f physics:localPos0 = (2.7755576e-17, 0, 2.7755576e-17)
            point3f physics:localPos1 = (0, 0, 0)
            quatf physics:localRot0 = (1, 0, 0, 0)
            quatf physics:localRot1 = (1, 0, 0, 0)
        }

        def PhysicsFixedJoint "right_thumb_abd_offset"
        {
            custom rel physics:body0
            append rel physics:body0 = </asimov_1_orcahand_v1_right_spike/Geometry/pelvis_link/waist_yaw_link/right_shoulder_pitch_link/right_shoulder_roll_link/right_shoulder_yaw_link/right_elbow_link/right_wrist_yaw_link/right_tower/right_wrist_jointbody/right_palm/right_thumb_mcp_jointbody/right_thumb_mp/right_thumb_abd_jointbody>
            custom rel physics:body1
            append rel physics:body1 = </asimov_1_orcahand_v1_right_spike/Geometry/pelvis_link/waist_yaw_link/right_shoulder_pitch_link/right_shoulder_roll_link/right_shoulder_yaw_link/right_elbow_link/right_wrist_yaw_link/right_tower/right_wrist_jointbody/right_palm/right_thumb_mcp_jointbody/right_thumb_mp/right_thumb_abd_jointbody/right_thumb_pp>
            point3f physics:localPos0 = (-0.03, 0, 0)
            point3f physics:localPos1 = (0, 0, 0)
            quatf physics:localRot0 = (1, 0, 0, 0)
            quatf physics:localRot1 = (1, 0, 0, 0)
        }

        def PhysicsFixedJoint "right_thumb_pip_offset"
        {
            custom rel physics:body0
            append rel physics:body0 = </asimov_1_orcahand_v1_right_spike/Geometry/pelvis_link/waist_yaw_link/right_shoulder_pitch_link/right_shoulder_roll_link/right_shoulder_yaw_link/right_elbow_link/right_wrist_yaw_link/right_tower/right_wrist_jointbody/right_palm/right_thumb_mcp_jointbody/right_thumb_mp/right_thumb_abd_jointbody/right_thumb_pp/right_thumb_pip_jointbody>
            custom rel physics:body1
            append rel physics:body1 = </asimov_1_orcahand_v1_right_spike/Geometry/pelvis_link/waist_yaw_link/right_shoulder_pitch_link/right_shoulder_roll_link/right_shoulder_yaw_link/right_elbow_link/right_wrist_yaw_link/right_tower/right_wrist_jointbody/right_palm/right_thumb_mcp_jointbody/right_thumb_mp/right_thumb_abd_jointbody/right_thumb_pp/right_thumb_pip_jointbody/right_thumb_ip>
            point3f physics:localPos0 = (0, -1.3877788e-17, 0)
            point3f physics:localPos1 = (0, 0, 0)
            quatf physics:localRot0 = (1, 0, 0, 0)
            quatf physics:localRot1 = (1, 0, 0, 0)
        }

        def PhysicsFixedJoint "right_thumb_dip_offset"
        {
            custom rel physics:body0
            append rel physics:body0 = </asimov_1_orcahand_v1_right_spike/Geometry/pelvis_link/waist_yaw_link/right_shoulder_pitch_link/right_shoulder_roll_link/right_shoulder_yaw_link/right_elbow_link/right_wrist_yaw_link/right_tower/right_wrist_jointbody/right_palm/right_thumb_mcp_jointbody/right_thumb_mp/right_thumb_abd_jointbody/right_thumb_pp/right_thumb_pip_jointbody/right_thumb_ip/right_thumb_dip_jointbody>
            custom rel physics:body1
            append rel physics:body1 = </asimov_1_orcahand_v1_right_spike/Geometry/pelvis_link/waist_yaw_link/right_shoulder_pitch_link/right_shoulder_roll_link/right_shoulder_yaw_link/right_elbow_link/right_wrist_yaw_link/right_tower/right_wrist_jointbody/right_palm/right_thumb_mcp_jointbody/right_thumb_mp/right_thumb_abd_jointbody/right_thumb_pp/right_thumb_pip_jointbody/right_thumb_ip/right_thumb_dip_jointbody/right_thumb_dp>
            point3f physics:localPos0 = (2.7755576e-17, -1.3877788e-17, -1.3877788e-17)
            point3f physics:localPos1 = (0, 0, 0)
            quatf physics:localRot0 = (1, 0, 0, 0)
            quatf physics:localRot1 = (1, 0, 0, 0)
        }

        def PhysicsFixedJoint "right_index_abd_offset"
        {
            custom rel physics:body0
            append rel physics:body0 = </asimov_1_orcahand_v1_right_spike/Geometry/pelvis_link/waist_yaw_link/right_shoulder_pitch_link/right_shoulder_roll_link/right_shoulder_yaw_link/right_elbow_link/right_wrist_yaw_link/right_tower/right_wrist_jointbody/right_palm/right_index_abd_jointbody>
            custom rel physics:body1
            append rel physics:body1 = </asimov_1_orcahand_v1_right_spike/Geometry/pelvis_link/waist_yaw_link/right_shoulder_pitch_link/right_shoulder_roll_link/right_shoulder_yaw_link/right_elbow_link/right_wrist_yaw_link/right_tower/right_wrist_jointbody/right_palm/right_index_abd_jointbody/right_index_mp>
            point3f physics:localPos0 = (-0.02, 0, 2.7755576e-17)
            point3f physics:localPos1 = (0, 0, 0)
            quatf physics:localRot0 = (1, 0, 0, 0)
            quatf physics:localRot1 = (1, 0, 0, 0)
        }

        def PhysicsFixedJoint "right_index_mcp_offset"
        {
            custom rel physics:body0
            append rel physics:body0 = </asimov_1_orcahand_v1_right_spike/Geometry/pelvis_link/waist_yaw_link/right_shoulder_pitch_link/right_shoulder_roll_link/right_shoulder_yaw_link/right_elbow_link/right_wrist_yaw_link/right_tower/right_wrist_jointbody/right_palm/right_index_abd_jointbody/right_index_mp/right_index_mcp_jointbody>
            custom rel physics:body1
            append rel physics:body1 = </asimov_1_orcahand_v1_right_spike/Geometry/pelvis_link/waist_yaw_link/right_shoulder_pitch_link/right_shoulder_roll_link/right_shoulder_yaw_link/right_elbow_link/right_wrist_yaw_link/right_tower/right_wrist_jointbody/right_palm/right_index_abd_jointbody/right_index_mp/right_index_mcp_jointbody/right_index_pp>
            point3f physics:localPos0 = (-2.7755576e-17, -2.7755576e-17, -2.7755576e-17)
            point3f physics:localPos1 = (0, 0, 0)
            quatf physics:localRot0 = (1, 0, 0, 0)
            quatf physics:localRot1 = (1, 0, 0, 0)
        }

        def PhysicsFixedJoint "right_index_pip_offset"
        {
            custom rel physics:body0
            append rel physics:body0 = </asimov_1_orcahand_v1_right_spike/Geometry/pelvis_link/waist_yaw_link/right_shoulder_pitch_link/right_shoulder_roll_link/right_shoulder_yaw_link/right_elbow_link/right_wrist_yaw_link/right_tower/right_wrist_jointbody/right_palm/right_index_abd_jointbody/right_index_mp/right_index_mcp_jointbody/right_index_pp/right_index_pip_jointbody>
            custom rel physics:body1
            append rel physics:body1 = </asimov_1_orcahand_v1_right_spike/Geometry/pelvis_link/waist_yaw_link/right_shoulder_pitch_link/right_shoulder_roll_link/right_shoulder_yaw_link/right_elbow_link/right_wrist_yaw_link/right_tower/right_wrist_jointbody/right_palm/right_index_abd_jointbody/right_index_mp/right_index_mcp_jointbody/right_index_pp/right_index_pip_jointbody/right_index_ip>
            point3f physics:localPos0 = (-2.7755576e-17, -2.7755576e-17, 2.7755576e-17)
            point3f physics:localPos1 = (0, 0, 0)
            quatf physics:localRot0 = (1, 0, 0, 0)
            quatf physics:localRot1 = (1, 0, 0, 0)
        }

        def PhysicsFixedJoint "right_middle_abd_offset"
        {
            custom rel physics:body0
            append rel physics:body0 = </asimov_1_orcahand_v1_right_spike/Geometry/pelvis_link/waist_yaw_link/right_shoulder_pitch_link/right_shoulder_roll_link/right_shoulder_yaw_link/right_elbow_link/right_wrist_yaw_link/right_tower/right_wrist_jointbody/right_palm/right_middle_abd_jointbody>
            custom rel physics:body1
            append rel physics:body1 = </asimov_1_orcahand_v1_right_spike/Geometry/pelvis_link/waist_yaw_link/right_shoulder_pitch_link/right_shoulder_roll_link/right_shoulder_yaw_link/right_elbow_link/right_wrist_yaw_link/right_tower/right_wrist_jointbody/right_palm/right_middle_abd_jointbody/right_middle_mp>
            point3f physics:localPos0 = (-0.02, 0, 0)
            point3f physics:localPos1 = (0, 0, 0)
            quatf physics:localRot0 = (1, 0, 0, 0)
            quatf physics:localRot1 = (1, 0, 0, 0)
        }

        def PhysicsFixedJoint "right_middle_mcp_offset"
        {
            custom rel physics:body0
            append rel physics:body0 = </asimov_1_orcahand_v1_right_spike/Geometry/pelvis_link/waist_yaw_link/right_shoulder_pitch_link/right_shoulder_roll_link/right_shoulder_yaw_link/right_elbow_link/right_wrist_yaw_link/right_tower/right_wrist_jointbody/right_palm/right_middle_abd_jointbody/right_middle_mp/right_middle_mcp_jointbody>
            custom rel physics:body1
            append rel physics:body1 = </asimov_1_orcahand_v1_right_spike/Geometry/pelvis_link/waist_yaw_link/right_shoulder_pitch_link/right_shoulder_roll_link/right_shoulder_yaw_link/right_elbow_link/right_wrist_yaw_link/right_tower/right_wrist_jointbody/right_palm/right_middle_abd_jointbody/right_middle_mp/right_middle_mcp_jointbody/right_middle_pp>
            point3f physics:localPos0 = (0, 0, 0)
            point3f physics:localPos1 = (0, 0, 0)
            quatf physics:localRot0 = (1, 0, 0, 0)
            quatf physics:localRot1 = (1, 0, 0, 0)
        }

        def PhysicsFixedJoint "right_middle_pip_offset"
        {
            custom rel physics:body0
            append rel physics:body0 = </asimov_1_orcahand_v1_right_spike/Geometry/pelvis_link/waist_yaw_link/right_shoulder_pitch_link/right_shoulder_roll_link/right_shoulder_yaw_link/right_elbow_link/right_wrist_yaw_link/right_tower/right_wrist_jointbody/right_palm/right_middle_abd_jointbody/right_middle_mp/right_middle_mcp_jointbody/right_middle_pp/right_middle_pip_jointbody>
            custom rel physics:body1
            append rel physics:body1 = </asimov_1_orcahand_v1_right_spike/Geometry/pelvis_link/waist_yaw_link/right_shoulder_pitch_link/right_shoulder_roll_link/right_shoulder_yaw_link/right_elbow_link/right_wrist_yaw_link/right_tower/right_wrist_jointbody/right_palm/right_middle_abd_jointbody/right_middle_mp/right_middle_mcp_jointbody/right_middle_pp/right_middle_pip_jointbody/right_middle_ip>
            point3f physics:localPos0 = (2.7755576e-17, 0, -5.551115e-17)
            point3f physics:localPos1 = (0, 0, 0)
            quatf physics:localRot0 = (1, 0, 0, 0)
            quatf physics:localRot1 = (1, 0, 0, 0)
        }

        def PhysicsFixedJoint "right_ring_abd_offset"
        {
            custom rel physics:body0
            append rel physics:body0 = </asimov_1_orcahand_v1_right_spike/Geometry/pelvis_link/waist_yaw_link/right_shoulder_pitch_link/right_shoulder_roll_link/right_shoulder_yaw_link/right_elbow_link/right_wrist_yaw_link/right_tower/right_wrist_jointbody/right_palm/right_ring_abd_jointbody>
            custom rel physics:body1
            append rel physics:body1 = </asimov_1_orcahand_v1_right_spike/Geometry/pelvis_link/waist_yaw_link/right_shoulder_pitch_link/right_shoulder_roll_link/right_shoulder_yaw_link/right_elbow_link/right_wrist_yaw_link/right_tower/right_wrist_jointbody/right_palm/right_ring_abd_jointbody/right_ring_mp>
            point3f physics:localPos0 = (-0.02, 6.938894e-18, -2.7755576e-17)
            point3f physics:localPos1 = (0, 0, 0)
            quatf physics:localRot0 = (1, 0, 0, 0)
            quatf physics:localRot1 = (1, 0, 0, 0)
        }

        def PhysicsFixedJoint "right_ring_mcp_offset"
        {
            custom rel physics:body0
            append rel physics:body0 = </asimov_1_orcahand_v1_right_spike/Geometry/pelvis_link/waist_yaw_link/right_shoulder_pitch_link/right_shoulder_roll_link/right_shoulder_yaw_link/right_elbow_link/right_wrist_yaw_link/right_tower/right_wrist_jointbody/right_palm/right_ring_abd_jointbody/right_ring_mp/right_ring_mcp_jointbody>
            custom rel physics:body1
            append rel physics:body1 = </asimov_1_orcahand_v1_right_spike/Geometry/pelvis_link/waist_yaw_link/right_shoulder_pitch_link/right_shoulder_roll_link/right_shoulder_yaw_link/right_elbow_link/right_wrist_yaw_link/right_tower/right_wrist_jointbody/right_palm/right_ring_abd_jointbody/right_ring_mp/right_ring_mcp_jointbody/right_ring_pp>
            point3f physics:localPos0 = (0, 6.938894e-18, 0)
            point3f physics:localPos1 = (0, 0, 0)
            quatf physics:localRot0 = (1, 0, 0, 0)
            quatf physics:localRot1 = (1, 0, 0, 0)
        }

        def PhysicsFixedJoint "right_ring_pip_offset"
        {
            custom rel physics:body0
            append rel physics:body0 = </asimov_1_orcahand_v1_right_spike/Geometry/pelvis_link/waist_yaw_link/right_shoulder_pitch_link/right_shoulder_roll_link/right_shoulder_yaw_link/right_elbow_link/right_wrist_yaw_link/right_tower/right_wrist_jointbody/right_palm/right_ring_abd_jointbody/right_ring_mp/right_ring_mcp_jointbody/right_ring_pp/right_ring_pip_jointbody>
            custom rel physics:body1
            append rel physics:body1 = </asimov_1_orcahand_v1_right_spike/Geometry/pelvis_link/waist_yaw_link/right_shoulder_pitch_link/right_shoulder_roll_link/right_shoulder_yaw_link/right_elbow_link/right_wrist_yaw_link/right_tower/right_wrist_jointbody/right_palm/right_ring_abd_jointbody/right_ring_mp/right_ring_mcp_jointbody/right_ring_pp/right_ring_pip_jointbody/right_ring_ip>
            point3f physics:localPos0 = (0, -6.938894e-18, 0)
            point3f physics:localPos1 = (0, 0, 0)
            quatf physics:localRot0 = (1, 0, 0, 0)
            quatf physics:localRot1 = (1, 0, 0, 0)
        }

        def PhysicsFixedJoint "right_pinky_abd_offset"
        {
            custom rel physics:body0
            append rel physics:body0 = </asimov_1_orcahand_v1_right_spike/Geometry/pelvis_link/waist_yaw_link/right_shoulder_pitch_link/right_shoulder_roll_link/right_shoulder_yaw_link/right_elbow_link/right_wrist_yaw_link/right_tower/right_wrist_jointbody/right_palm/right_pinky_abd_jointbody>
            custom rel physics:body1
            append rel physics:body1 = </asimov_1_orcahand_v1_right_spike/Geometry/pelvis_link/waist_yaw_link/right_shoulder_pitch_link/right_shoulder_roll_link/right_shoulder_yaw_link/right_elbow_link/right_wrist_yaw_link/right_tower/right_wrist_jointbody/right_palm/right_pinky_abd_jointbody/right_pinky_mp>
            point3f physics:localPos0 = (-0.02, 6.938894e-18, -5.551115e-17)
            point3f physics:localPos1 = (0, 0, 0)
            quatf physics:localRot0 = (1, 0, 0, 0)
            quatf physics:localRot1 = (1, 0, 0, 0)
        }

        def PhysicsFixedJoint "right_pinky_mcp_offset"
        {
            custom rel physics:body0
            append rel physics:body0 = </asimov_1_orcahand_v1_right_spike/Geometry/pelvis_link/waist_yaw_link/right_shoulder_pitch_link/right_shoulder_roll_link/right_shoulder_yaw_link/right_elbow_link/right_wrist_yaw_link/right_tower/right_wrist_jointbody/right_palm/right_pinky_abd_jointbody/right_pinky_mp/right_pinky_mcp_jointbody>
            custom rel physics:body1
            append rel physics:body1 = </asimov_1_orcahand_v1_right_spike/Geometry/pelvis_link/waist_yaw_link/right_shoulder_pitch_link/right_shoulder_roll_link/right_shoulder_yaw_link/right_elbow_link/right_wrist_yaw_link/right_tower/right_wrist_jointbody/right_palm/right_pinky_abd_jointbody/right_pinky_mp/right_pinky_mcp_jointbody/right_pinky_pp>
            point3f physics:localPos0 = (5.551115e-17, 6.938894e-18, 0)
            point3f physics:localPos1 = (0, 0, 0)
            quatf physics:localRot0 = (1, 0, 0, 0)
            quatf physics:localRot1 = (1, 0, 0, 0)
        }

        def PhysicsFixedJoint "right_pinky_pip_offset"
        {
            custom rel physics:body0
            append rel physics:body0 = </asimov_1_orcahand_v1_right_spike/Geometry/pelvis_link/waist_yaw_link/right_shoulder_pitch_link/right_shoulder_roll_link/right_shoulder_yaw_link/right_elbow_link/right_wrist_yaw_link/right_tower/right_wrist_jointbody/right_palm/right_pinky_abd_jointbody/right_pinky_mp/right_pinky_mcp_jointbody/right_pinky_pp/right_pinky_pip_jointbody>
            custom rel physics:body1
            append rel physics:body1 = </asimov_1_orcahand_v1_right_spike/Geometry/pelvis_link/waist_yaw_link/right_shoulder_pitch_link/right_shoulder_roll_link/right_shoulder_yaw_link/right_elbow_link/right_wrist_yaw_link/right_tower/right_wrist_jointbody/right_palm/right_pinky_abd_jointbody/right_pinky_mp/right_pinky_mcp_jointbody/right_pinky_pp/right_pinky_pip_jointbody/right_pinky_ip>
            point3f physics:localPos0 = (2.7755576e-17, -6.938894e-18, -5.551115e-17)
            point3f physics:localPos1 = (0, 0, 0)
            quatf physics:localRot0 = (1, 0, 0, 0)
            quatf physics:localRot1 = (1, 0, 0, 0)
        }
    }
}

